id,name,lat,lng
"7522.02","1 Ave & E 110 St",40.792327,-73.9383
"7596.11","1 Ave & E 118 St",40.797459,-73.934499
"5779.08","1 Ave & E 16 St",40.732219,-73.981656
"5854.09","1 Ave & E 18 St",40.733812,-73.980544
"6079.03","1 Ave & E 30 St",40.741444,-73.975361
"6230.02","1 Ave & E 38 St",40.746202,-73.971822
"6303.02","1 Ave & E 42 St",40.748757,-73.970127
"6379.03","1 Ave & E 44 St",40.75002,-73.969053
"5626.15","1 Ave & E 6 St",40.726331,-73.986169
"6753.08","1 Ave & E 62 St",40.761227,-73.96094
"6822.09","1 Ave & E 68 St",40.765005,-73.958185
"7286.05","1 Ave & E 94 St",40.781721,-73.94594
"4193.14","1 Pl & Clinton St",40.680959,-73.999057
"3946.07","1 St & 6 Ave",40.672784,-73.979826
"6157.04","10 Ave & W 14 St",40.741982,-74.008316
"8543.01","10 Ave & W 202 St",40.861282,-73.921418
"8579.09","10 Ave & W 204 St",40.862638,-73.92006
"8613.09","10 Ave & W 207 St",40.864632,-73.918598
"8679.03","10 Ave & W 215 St",40.869325,-73.915198
"6459.04","10 Ave & W 28 St",40.750664,-74.001768
"6535.05","10 Ave & W 34 St",40.75477,-73.999146
"3922.02","10 St & 2 Ave",40.671907,-73.993612
"3842.08","10 St & 5 Ave",40.668627,-73.987001
"3762.08","10 St & 7 Ave",40.666208,-73.981999
"6499.06","100 St & 37 Ave",40.75243,-73.86717
"6905.02","100 St & Humphreys St",40.76574,-73.87012
"6105.02","100 St & Lewis Ave",40.73988,-73.86012
"6618.02","100 St & Northern Blvd",40.75748,-73.86843
"1964.01","101 St & Fort Hamilton Pkwy",40.61124,-74.03282
"6576.07","102 St & 34 Ave",40.75584,-73.86621
"6337.09","103 St & 41 Ave",40.74875,-73.86285
"6062.03","103 St & Martense Ave",40.74046,-73.8565
"6692.03","104 St & 32 Ave",40.75951,-73.86491
"6457.06","104 St & 38 Ave",40.75138,-73.86242
"6651.01","104 St & Northern Blvd",40.75755,-73.86454
"6724.01","107 St & 32 Ave",40.75996,-73.86224
"6490.02","108 St & 39 Ave",40.75165,-73.85915
"6138.07","108 St & 52 Ave",40.743101,-73.854669
"3538.09","11 Ave & Prospect Ave",40.65629,-73.977335
"6425.04","11 Ave & W 27 St",40.751396,-74.005226
"6726.01","11 Ave & W 41 St",40.760301,-73.998842
"7059.01","11 Ave & W 59 St",40.771497,-73.99046
"6438.05","11 St & 43 Ave",40.75177,-73.94821
"6438.04","11 St & 43 Ave",40.751907,-73.947912
"6319.04","11 St & 44 Rd",40.749207,-73.949373
"6567.03","111 St & 37 Ave",40.75397,-73.85748
"6287.02","111 St & 49 Ave",40.74612,-73.85272
"6171.02","111 St & 53 Ave",40.74336,-73.85129
"6448.07","111 St & Roosevelt Ave",40.75147,-73.8557
"6683.01","112 St & Northern Blvd",40.75788,-73.85763
"6524.01","114 St & 39 Ave",40.7532,-73.853
"3056.05","12 Ave & 36 St",40.643546,-73.986418
"7886.02","12 Ave & W 125 St",40.818299,-73.960405
"6765.01","12 Ave & W 40 St",40.760875,-74.002777
"3882.01","12 St & 4 Ave",40.668603,-73.990439
"3771.06","14 St & 5 Ave",40.666287,-73.988951
"3731.11","14 St & 7 Ave",40.663779,-73.983968
"2868.03","15 Ave & 37 St",40.63899,-73.98074
"3811.05","16 St & 4 Ave",40.666197,-73.992466
"3699.07","17 St & 5 Ave",40.663493,-73.991007
"7062.07","18 St & 27 Ave",40.772768,-73.927436
"7186.15","19 St & 24 Ave",40.777455,-73.92254
"3547.04","19 St & 8 Ave",40.658489,-73.985543
"190 Morgan","190 Morgan",40.711072,-73.932096
"3532.02","2 Ave & 32 St",40.659176,-74.006584
"3460.01","2 Ave & 36 St",40.657089,-74.008702
"3460.06","2 Ave & 37 St",40.65624,-74.00933
"7622.12","2 Ave & E 122 St",40.800672,-73.9349
"7648.16","2 Ave & E 125 St",40.802554,-73.933509
"6122.09","2 Ave & E 29 St",40.741724,-73.978093
"6197.11","2 Ave & E 31 St",40.74299,-73.97711
"6925.09","2 Ave & E 72 St",40.768762,-73.958408
"7338.02","2 Ave & E 96 St",40.783964,-73.947167
"7386.10","2 Ave & E 99 St",40.786259,-73.945526
"7386.1","2 Ave & E 99 St",40.786259,-73.945526
"7256.01","20 Ave & 31 St",40.780013,-73.906676
"7196.04","20 Ave & 38 St",40.777112,-73.902382
"7163.07","20 Ave & 42 St",40.775415,-73.900063
"7066.01","20 Ave & 48 St",40.772899,-73.896849
"7391.02","20 Ave & Shore Blvd",40.785994,-73.915098
"7060.02","21 Ave & 80 St",40.770888,-73.889914
"7284.01","21 Ave & Crescent St",40.780478,-73.912212
"7342.01","21 Ave & Shore Blvd",40.783956,-73.916894
"7363.03","21 St & 20 Ave",40.783936,-73.912731
"7314.03","21 St & 21 Ave",40.782465,-73.914527
"7210.07","21 St & 23 Ave",40.778557,-73.919046
"6865.03","21 St & 31 Dr",40.7659,-73.930819
"6729.02","21 St & 36 Ave",40.760185,-73.936273
"6656.05","21 St & 38 Ave",40.757631,-73.939122
"3668.04","21 St & 4 Ave",40.662584,-73.995554
"6395.01","21 St & 43 Ave",40.750525,-73.945948
"7126.01","21 St & Hoyt Ave S",40.774645,-73.923706
"6471.02","21 St & Queens Plaza North",40.75326,-73.943358
"7178.02","23 Ave & 27 St",40.776165,-73.915318
"7082.08","23 Ave & 31 St",40.774233,-73.912749
"6921.04","23 Ave & 83 St",40.76646,-73.88674
"7082.14","23 Rd & 31 St",40.773368,-73.913826
"3707.01","23 St & 3 Ave",40.662611,-73.998623
"6929.01","23 St & 31 Ave",40.76664,-73.92866
"7152.10","24 Ave & 26 St",40.774591,-73.918544
"7152.1","24 Ave & 26 St",40.774591,-73.918544
"7119.04","24 Ave & 29 St",40.7729,-73.916142
"6885.01","24 Ave & 87 St",40.7654,-73.88256
"6913.03","24 Ave & 92 St",40.76589,-73.87789
"6581.14","24 St & 38 Ave",40.756351,-73.936515
"6505.01","24 St & 41 Ave",40.752708,-73.939741
"6505.01","24 St & 41 Ave (original)",40.752709,-73.939741
"3555.04","24 St & 5 Ave",40.659555,-73.995068
"6943.07","25 Ave & 41 St",40.767666,-73.910963
"6817.15","25 Ave & 85 St",40.76328,-73.88404
"6877.06","25 Ave & 96 St",40.76447,-73.87369
"7165.01","26 Ave & 2 St",40.776844,-73.934634
"7132.08","27 Ave & 3 St",40.77485,-73.9342
"7098.05","27 Ave & 9 St",40.773983,-73.930913
"6310.06","27 St & Hunter St",40.7485,-73.941275
"6951.03","28 Ave & 35 St",40.7671,-73.916986
"6879.04","28 Ave & 44 St",40.764089,-73.910651
"6614.01","28 St & 36 Ave",40.757186,-73.932719
"6462.19","28 St & 41 Ave",40.751047,-73.93797
"6462.09","29 St & 40 Ave",40.75217,-73.93588
"3523.06","29 St & 5 Ave",40.656986,-73.998194
"6194.06","29 St & Skillman Ave",40.744831,-73.938411
"3850.03","3 Ave & 14 St",40.668546,-73.993333
"3779.02","3 Ave & 17 St",40.666168,-73.995549
"2578.16","3 Ave & 77 St",40.62991,-74.02834
"2497.07","3 Ave & 81 St",40.627,-74.02948
"2231.10","3 Ave & 92 St",40.61946,-74.03261
"4143.04","3 Ave & Carroll St",40.677027,-73.9865
"7414.17","3 Ave & E 100 St",40.787721,-73.947283
"7504.19","3 Ave & E 109 St",40.79338,-73.94329
"7543.15","3 Ave & E 112 St",40.795508,-73.941606
"7974.01","3 Ave & E 163 St",40.823872,-73.908699
"8103.05","3 Ave & E 169 St",40.832678,-73.905158
"8137.06","3 Ave & E 170 St",40.834857,-73.903743
"8205.05","3 Ave & E 172 St",40.839586,-73.900277
"8241.07","3 Ave & E 174 St",40.84224,-73.8985
"8526.03","3 Ave & E 189 St",40.85985,-73.89135
"6830.04","3 Ave & E 62 St",40.76313,-73.96527
"6960.12","3 Ave & E 71 St",40.76879,-73.9614
"7028.04","3 Ave & E 72 St",40.769943,-73.960607
"7154.10","3 Ave & E 82 St",40.775744,-73.956375
"7154.1","3 Ave & E 82 St",40.775744,-73.956375
"8315.03","3 Ave & E Tremont Ave",40.84649,-73.89616
"8012.04","3 Ave & Franklin Ave",40.82696,-73.907451
"4437.01","3 Ave & Schermerhorn St",40.686832,-73.979677
"2883.03","3 Ave & Wakeman Pl",40.638246,-74.024714
"4028.03","3 St & 3 Ave",40.675071,-73.987752
"3905.15","3 St & 7 Ave",40.670384,-73.978397
"4110.10","3 St & Hoyt St",40.677729,-73.993641
"4110.1","3 St & Hoyt St",40.677729,-73.993641
"3865.05","3 St & Prospect Park West",40.668132,-73.973638
"7034.09","30 Ave & 12 St",40.771717,-73.931593
"6996.01","30 Ave & 21 St",40.770374,-73.928608
"6812.06","30 Ave & 41 St",40.763422,-73.914142
"6774.13","30 Ave & 47 St",40.761294,-73.909562
"6727.02","30 Ave & 70 St",40.76013,-73.89741
"6787.02","30 Ave & 80 St",40.76109,-73.88838
"6772.11","30 Ave & 96 St",40.76086,-73.87308
"3564.04","30 St & 4 Ave",40.657743,-74.001141
"6076.02","30 St & 48 Ave",40.741327,-73.937999
"6763.08","31 Ave & 103 St",40.76134,-73.86666
"6966.04","31 Ave & 14 St",40.7682,-73.932266
"6857.09","31 Ave & 30 St",40.7647,-73.924031
"6819.15","31 Ave & 34 St",40.763154,-73.920827
"6621.06","31 Ave & 57 St",40.757357,-73.904726
"6654.05","31 Ave & 61 St",40.757525,-73.901614
"6709.01","31 Ave & 84 St",40.75947,-73.88431
"6709.05","31 Ave & 86 St",40.75958,-73.88219
"6893.1","31 Ave & Crescent St",40.765835,-73.926547
"6893.10","31 Ave & Crescent St",40.765835,-73.926547
"6782.01","31 Ave & Steinway St",40.761149,-73.917007
"6033.01","31 Pl & Hunters Point Ave",40.740214,-73.93537
"7202.07","31 St & 21 Ave",40.77813,-73.90842
"6989.07","31 St & Astoria Blvd",40.769918,-73.918406
"6789.20","31 St & Broadway",40.76211,-73.92523
"6789.2","31 St & Broadway",40.76211,-73.92523
"7144.02","31 St & Ditmars Blvd",40.776168,-73.910485
"7018.01","31 St & Hoyt Ave N",40.771153,-73.917007
"6923.20","31 St & Newtown Ave",40.767549,-73.920933
"6923.2","31 St & Newtown Ave",40.767549,-73.920933
"6495.17","31 St & Northern Blvd",40.75187,-73.933493
"6227.02","31 St & Thomson Ave",40.744697,-73.935404
"6645.06","32 Ave & 75 St",40.75704,-73.8924
"6603.06","32 Ave & 77 St",40.75727,-73.89024
"6677.03","32 Ave & 81 St",40.75763,-73.88682
"6636.04","32 Ave & 84 St",40.75793,-73.88401
"6185.04","33 St & 47 Ave",40.74283,-73.9321
"6185.07","33 St & Queens Blvd",40.744365,-73.931724
"6609.03","34 Ave & 108 St",40.75614,-73.86084
"6642.08","34 Ave & 113 St",40.75696,-73.85612
"6836.07","34 Ave & 13 St",40.763875,-73.936485
"6798.01","34 Ave & 21 St",40.762814,-73.934286
"6720.07","34 Ave & 31 St",40.759604,-73.927144
"6638.08","34 Ave & 38 St",40.75717,-73.92175
"6638.01","34 Ave & 38 St",40.756913,-73.921631
"6596.10","34 Ave & 45 St",40.754795,-73.917014
"6596.1","34 Ave & 45 St",40.754795,-73.917014
"6554.05","34 Ave & 48 St",40.75388,-73.914952
"6493.03","34 Ave & 71 St",40.75257,-73.89538
"6451.07","34 Ave & 74 St",40.75297,-73.89236
"6518.13","34 Ave & 83 St",40.753935,-73.883901
"6552.07","34 Ave & 89 St",40.75437,-73.87833
"6585.11","34 Ave & Junction Blvd",40.75502,-73.87285
"6873.01","34 Ave & Vernon Blvd",40.765354,-73.939863
"6605.08","34 St & 35 Ave",40.756933,-73.926223
"6453.02","34 St & 38 Ave",40.752443,-73.929737
"3492.04","34 St & 4 Ave",40.655278,-74.003101
"6110.01","34 St & 48 Ave",40.740821,-73.931472
"3451.01","34 St & 5 Ave",40.654098,-74.001131
"6873.01","34th Ave & Vernon Blvd",40.765354,-73.939863
"6806.06","35 Ave & 10 St",40.763155,-73.939855
"6563.12","35 Ave & 37 St",40.755733,-73.923661
"7170.04","35 St & 21 Ave",40.776745,-73.906558
"7047.07","35 St & 23 Ave",40.773015,-73.91119
"6887.03","35 St & 30 Ave",40.765476,-73.918116
"6679.11","35 St & 34 Ave",40.758058,-73.924275
"6750.16","35 St & Broadway",40.760339,-73.922243
"6737.03","36 Ave & 10 St",40.761438,-73.941127
"6572.08","36 Ave & 31 St",40.756519,-73.92957
"3460.02","36 St & 3 Ave",40.655716,-74.006664
"3420.01","36 St & 4 Ave",40.654144,-74.00422
"6143.01","36 St & 47 Ave",40.742218,-73.929352
"7111.1","36 St & Ditmars Blvd",40.774306,-73.908335
"7111.10","36 St & Ditmars Blvd",40.774306,-73.908335
"5992.02","36 St & Hunters Point Ave",40.737817,-73.930241
"6260.04","36 St & Queens Blvd",40.74408,-73.92901
"6533.02","37 Ave & 106 St",40.75397,-73.862
"6524.09","37 Ave & 113 St",40.75475,-73.8549
"6529.02","37 Ave & 35 St",40.753111,-73.927992
"6340.09","37 Ave & 63 St",40.74893,-73.89981
"3056.07","37 St & 13 Ave",40.64166,-73.98505
"6981.16","37 St & 24 Ave",40.770148,-73.912094
"3099.01","37 St & Fort Hamilton Pkwy",40.64417,-73.98923
"6538.11","38 Ave & 29 St",40.75473,-73.93367
"6850.01","38 St & 30 Ave",40.764175,-73.91584
"6486.07","38 St & Northern Blvd",40.752372,-73.925384
"6401.03","39 Ave & 45 St",40.749478,-73.918265
"6392.02","39 Ave & 54 St",40.74891,-73.90899
"6349.03","39 Ave & 56 St",40.74838,-73.90699
"6380.10","39 Ave & 99 St",40.74962,-73.86677
"6380.1","39 Ave & 99 St",40.74962,-73.86677
"6316.05","39 Dr & 52 St",40.74732,-73.91197
"3501.01","39 St & 2 Ave",40.6554,-74.010628
"6143.05","39 St & 47 Ave",40.742156,-73.926626
"6025.08","39 St & 50 Ave",40.738249,-73.927375
"6218.04","39 St & Queens Blvd",40.74431,-73.92601
"3739.06","4 Ave & 17 St",40.665507,-73.993037
"3596.04","4 Ave & 26 St",40.660079,-73.998633
"4028.04","4 Ave & 3 St",40.673746,-73.985649
"2660.09","4 Ave & 72 St",40.63283,-74.02439
"2578.17","4 Ave & 76 St",40.63005,-74.0255
"2453.05","4 Ave & 81 St",40.62643,-74.02707
"2377.01","4 Ave & 85 St",40.62354,-74.02817
"2303.05","4 Ave & 87 St",40.62184,-74.02863
"3955.05","4 Ave & 9 St",40.670513,-73.988766
"2158.08","4 Ave & 94 St",40.61689,-74.03091
"2042.01","4 Ave & 99 St",40.61327,-74.03315
"5788.15","4 Ave & E 12 St",40.732647,-73.99011
"2832.03","4 Ave & Shore Road Dr",40.637033,-74.022141
"6664.05","40 Ave & 9 St",40.75742,-73.945133
"6462.05","40 Ave & Crescent St",40.753599,-73.937956
"3388.03","40 St & 3 Ave",40.6535,-74.00902
"6176.11","40 St & Queens Blvd",40.74354,-73.924352
"6225.03","41 Ave & 67 St",40.74446,-73.89764
"6290.06","41 Ave & 77 St",40.74557,-73.8882
"6249.02","41 Ave & 80 St",40.74586,-73.88539
"3388.02","41 St & 3 Ave",40.652512,-74.008906
"3347.03","41 St & 4 Ave",40.651354,-74.007168
"6371.03","42 Ave & 108 St",40.74944,-73.85792
"6520.07","42 Pl & Northern Blvd",40.753091,-73.920603
"3428.02","42 St & 1 Ave",40.654798,-74.014372
"6405.03","43 Ave & 111 St",40.74955,-73.85464
"6292.03","43 Ave & 40 St",40.74562,-73.92402
"6251.06","43 Ave & 42 St",40.745347,-73.921942
"6209.05","43 Ave & 47 St",40.744806,-73.91729
"7009.06","43 St & 23 Ave",40.769673,-73.906018
"6520.06","43 St & 35 Ave",40.754139,-73.919543
"6401.01","43 St & 37 Ave",40.750181,-73.919998
"5983.04","43 St & 50 Ave",40.737872,-73.922641
"6670.03","43 St & Broadway",40.757728,-73.916637
"6325.01","43 St & Skillman Ave",40.746927,-73.920825
"6319.03","44 Dr & 21 St",40.748036,-73.946705
"6352.01","44 Dr & Jackson Ave",40.747182,-73.943263
"3356.05","44 St & 2 Ave",40.652502,-74.013587
"3315.05","44 St & 3 Ave",40.651173,-74.011405
"6058.08","44 St & 48 Ave",40.739414,-73.92132
"6134.13","44 St & Greenpoint Ave",40.74112,-73.921037
"6319.07","45 Ave & 21 St",40.747371,-73.947773
"6319.01","45 Rd & 11 St",40.747086,-73.949772
"3275.03","45 St & 4 Ave",40.649145,-74.009486
"6286.02","46 Ave & 5 St",40.74731,-73.95451
"6231.01","46 Ave & Junction Blvd",40.74399,-73.86781
"6245.08","46 Rd & 11 St",40.745805,-73.950752
"6907.03","46 St & 25 Ave",40.765753,-73.90676
"6842.02","46 St & 28 Ave",40.763328,-73.908782
"6703.06","46 St & 30 Rd",40.76072,-73.910989
"3161.02","46 St & 6 Ave",40.645921,-74.005708
"3117.05","46 St & 7 Ave",40.644743,-74.003754
"6209.08","46 St & Queens Blvd",40.743498,-73.918605
"6295.07","47 Ave & 104 St",40.7458,-73.85945
"6329.06","47 Ave & 109 St",40.74713,-73.85502
"6151.03","47 Ave & 31 St",40.743,-73.93561
"6092.01","47 Ave & 48 St",40.74086,-73.91708
"6237.01","47 Ave & Skillman Ave",40.743752,-73.941765
"3243.02","47 St & 3 Ave",40.649143,-74.012384
"6067.01","48 Ave & 37 St",40.740347,-73.928861
"6101.11","48 Ave & 41 St",40.73986,-73.924003
"6212.04","48 Ave & 5 St",40.744363,-73.955873
"3283.05","48 St & 2 Ave",40.650176,-74.015606
"6435.02","48 St & 37 Ave",40.751555,-73.915026
"3202.06","48 St & 5 Ave",40.646351,-74.009271
"6016.06","48 St & 50 Ave",40.73737,-73.91803
"6358.05","48 St & Barnett Ave",40.750016,-73.915409
"6629.06","48 St & Broadway",40.755763,-73.912715
"6283.05","48 St & Skillman Ave",40.746229,-73.916163
"6255.02","49 Ave & 108 St",40.74535,-73.8558
"6128.04","49 Ave & 21 St",40.74252,-73.948852
"6119.01","49 Ave & 27 St",40.74113,-73.942518
"6804.01","49 St & 25 Ave",40.764496,-73.904632
"6662.01","49 St & 31 Ave",40.758057,-73.909831
"7851.04","5 Av & W 139 St",40.815484,-73.935856
"3987.06","5 Ave & 3 St",40.672815,-73.983524
"3379.03","5 Ave & 37 St",40.652657,-74.002356
"3306.03","5 Ave & 41 St",40.649983,-74.005144
"3233.02","5 Ave & 44 St",40.64865,-74.00646
"2782.02","5 Ave & 67 St",40.635778,-74.019909
"2261.04","5 Ave & 88 St",40.62021,-74.02717
"7511.19","5 Ave & E 103 St",40.792255,-73.952499
"7769.06","5 Ave & E 135 St",40.812191,-73.937838
"6248.08","5 Ave & E 30 St",40.745985,-73.986295
"6904.06","5 Ave & E 63 St",40.766368,-73.971518
"7100.07","5 Ave & E 72 St",40.772828,-73.966853
"7161.08","5 Ave & E 78 St",40.776321,-73.964274
"7323.09","5 Ave & E 87 St",40.782323,-73.959875
"7701.21","5 Ave & W 126 St",40.80722,-73.9418
"7735.05","5 Ave & W 131 St",40.81014,-73.93973
"7851.04","5 Ave & W 139 St",40.815484,-73.935856
"6137.04","5 St & 51 Ave",40.742374,-73.9566
"3874.01","5 St & 6 Ave",40.670484,-73.98209
"4843.01","5 St & Market St",40.699997,-73.974401
"5956.05","50 Ave & 65 St",40.73707,-73.90077
"6735.03","50 St & 30 Ave",40.760083,-73.907107
"3038.08","50 St & 7 Ave",40.642501,-74.006055
"6435.03","50 St & Barnett Ave",40.750098,-73.913497
"6511.03","50 St & Northern Blvd",40.753441,-73.912402
"5923.02","51 Ave & 61 St",40.73568,-73.90387
"6180.05","51 Ave & Alstyne Ave",40.74311,-73.85715
"6113.07","51 Ave & Junction Blvd",40.74087,-73.86772
"6047.03","51 Ave & Van Loon St",40.73832,-73.87913
"6242.1","51 St & 43 Ave",40.74451,-73.91412
"6242.10","51 St & 43 Ave",40.74451,-73.91412
"6662.09","51 St & Hobart St",40.757672,-73.907699
"6167.03","51 St & Queens Blvd",40.7429,-73.91395
"3253.01","52 St & 1 Ave",40.649292,-74.020105
"3084.05","52 St & 6 Ave",40.642703,-74.009441
"5806.01","53 Ave & 62 St",40.73169,-73.90159
"6037.02","53 Ave & 94 St",40.73921,-73.86887
"3211.06","53 St & 2 Ave",40.64744,-74.018846
"3169.07","53 St & 4 Ave",40.644862,-74.014531
"3129.08","53 St & 5 Ave",40.643371,-74.011884
"5257.01","53 St & Flushing Ave",40.71435,-73.91405
"6200.03","53 St & Roosevelt Ave",40.74462,-73.91143
"6468.01","54 St & 37 Ave",40.75098,-73.90799
"6005.04","55 Ave & 90 St",40.73676,-73.87318
"6070.05","55 Ave & 97 Pl",40.73892,-73.86367
"6104.01","55 Ave & Center Blvd",40.740288,-73.960697
"5579.04","55 Dr & Maurice Ave",40.7261,-73.90917
"3050.03","55 St & 5 Ave",40.642408,-74.013318
"2951.05","55 St & 7 Ave",40.639673,-74.008957
"6502.01","55 St & Northern Blvd",40.75326,-73.90585
"5962.04","56 Ave & 92 St",40.73649,-73.86995
"5995.07","56 Ave & Junction Blvd",40.73716,-73.86625
"5579.02","56 Dr & 59 St",40.72403,-73.90853
"5540.06","56 Dr & 61 St",40.72368,-73.90458
"3138.03","56 St & 2 Ave",40.645705,-74.020292
"5289.05","56 St & Arnold Ave",40.71484,-73.909
"6028.01","57 Ave & 98 Pl",40.73802,-73.86103
"5510.05","57 Rd & 58 St",40.72235,-73.91215
"5510.02","57 Rd & 59 St",40.72249,-73.90854
"3178.02","57 St & 1 Ave",40.646377,-74.023087
"6426.05","57 St & 37 Ave",40.75048,-73.90513
"3093.07","57 St & 4 Ave",40.642622,-74.016866
"6158.06","57 St & 43 Ave",40.74324,-73.908
"2861.02","57 St & 7 Ave",40.638566,-74.010147
"5440.05","57 St & Grand Ave",40.71921,-73.9124
"3138.09","58 St & 2 Ave",40.644512,-74.021506
"6579.03","58 St & 32 Ave",40.75574,-73.903427
"5548.01","58 St & 56 Dr",40.72419,-73.91244
"3220.01","58 St & Pier 4",40.646475,-74.026081
"3011.03","59 St & 4 Ave",40.641269,-74.017651
"6234.08","59 St & 41 Ave",40.744577,-73.905986
"2961.05","59 St & 5 Ave",40.640125,-74.015726
"5401.03","59 St & 59 Rd",40.717909,-73.908454
"3803.05","6 Ave & 12 St",40.666318,-73.985462
"3628.11","6 Ave & 21 St",40.66016,-73.990974
"3000.08","6 Ave & 55 St",40.640831,-74.010996
"2912.08","6 Ave & 60 St",40.638196,-74.013821
"2569.07","6 Ave & 74 St",40.629233,-74.019864
"2488.09","6 Ave & 78 St",40.62569,-74.02119
"3803.09","6 Ave & 9 St",40.668127,-73.983776
"5610.09","6 Ave & Broome St",40.72431,-74.00473
"5500.07","6 Ave & Canal St",40.722438,-74.005664
"6364.07","6 Ave & W 33 St",40.749013,-73.988484
"6364.1","6 Ave & W 34 St",40.74964,-73.98805
"6364.10","6 Ave & W 34 St",40.74964,-73.98805
"6593.15","6 Ave & W 45 St",40.756951,-73.982631
"5430.1","6 Ave & Walker St",40.719792,-74.005224
"5430.10","6 Ave & Walker St",40.719792,-74.005224
"3834.1","6 St & 7 Ave",40.668663,-73.979881
"3834.10","6 St & 7 Ave",40.668663,-73.979881
"5321.08","60 Ave & Fresh Pond Rd",40.71693,-73.90198
"5878.02","60 Ave & Junction Blvd",40.73466,-73.86501
"5945.01","60 Ave & Otis Ave",40.73715,-73.85614
"4985.09","60 Pl & 67 Ave",40.70497,-73.89965
"5138.03","60 Pl & Bleecker St",40.71107,-73.903
"5431.01","60 Pl & Flushing Ave",40.71988,-73.90556
"5097.02","60 Pl & Linden St",40.70886,-73.90182
"6383.06","60 St & 37 Ave",40.74952,-73.90265
"5360.02","60 St & 60 Rd",40.715922,-73.906014
"6307.07","61 St & 39 Ave",40.7471,-73.9028
"4830.02","61 St & 60 Ln",40.70055,-73.8943
"5611.04","61 St & Borden Ave",40.72558,-73.90417
"5998.09","61 St & Laurel Hill Blvd",40.7388,-73.90338
"6116.03","61 St & Queens Blvd",40.74091,-73.90273
"6191.06","61 St & Woodside Ave",40.74501,-73.9036
"6460.06","62 St & 34 Ave",40.75201,-73.89986
"2923.01","62 St & 4 Ave",40.639859,-74.019776
"6191.04","62 St & 43 Ave",40.74261,-73.903
"6536.02","62 St & Northern Blvd",40.754176,-73.900318
"2872.02","63 St & 5 Ave",40.63766,-74.01782
"5392.04","63 St & 59 Dr",40.71832,-73.90128
"5611.05","63 St & Borden Ave",40.72655,-73.90321
"2971.02","64 St & 3 Ave",40.639978,-74.02324
"5956.04","64 St & 51 Ave",40.73577,-73.90184
"5688.02","64 St & 53 Dr",40.72897,-73.90115
"5057.09","64 St & Woodbine St",40.70809,-73.89549
"5199.01","65 Ln & Metropolitan Ave",40.7123,-73.89397
"5764.02","65 Pl & 53 Ave",40.73145,-73.90022
"4937.03","65 Pl & Central Ave",40.70264,-73.88981
"6149.02","65 Pl & Woodside Ave",40.74334,-73.89903
"3019.02","65 St & 2 Ave",40.640493,-74.02564
"6417.04","65 St & 35 Ave",40.75053,-73.8977
"6417.11","65 St & Broadway",40.749372,-73.897388
"4977.03","65 St & Otto Rd",40.70389,-73.89116
"6267.08","65 St & Roosevelt Ave",40.74589,-73.89915
"5057.07","67 Ave & Fresh Pond Rd",40.70575,-73.89676
"2733.03","67 St & Erik Pl",40.633385,-74.016562
"2743.04","68 St & 4 Ave",40.63537,-74.02342
"2698.07","68 St & 5 Ave",40.63416,-74.02058
"6298.04","69 St & 38 Ave",40.746945,-73.896503
"6108.03","69 St & 43 Ave",40.74179,-73.89564
"3660.07","7 Ave & 17 St",40.660938,-73.986804
"3588.01","7 Ave & 20 St",40.659053,-73.98854
"3515.01","7 Ave & 22 St",40.658029,-73.989605
"3266.01","7 Ave & 40 St",40.648169,-74.000057
"3192.05","7 Ave & 41 St",40.647379,-74.000911
"2821.05","7 Ave & 62 St",40.63556,-74.01298
"6912.01","7 Ave & Central Park South",40.766741,-73.979069
"4125.07","7 Ave & Park Pl",40.677615,-73.973243
"6847.05","7 Ave & W 55 St",40.764126,-73.980973
"5805.07","7 Ave S & Bleecker St",40.732139,-74.003638
"3996.01","7 St & 3 Ave",40.672603,-73.98983
"3914.02","7 St & 5 Ave",40.670492,-73.985417
"2843.13","70 St & Ridge Blvd",40.63596,-74.02908
"4871.02","71 Ave & Myrtle Ave",40.70067,-73.89907
"6612.09","71 St & 32 Ave",40.75675,-73.89595
"6374.05","71 St & 37 Ave",40.7488,-73.89451
"6686.07","72 St & 31 Ave",40.7584,-73.89531
"6258.03","72 St & 41 Ave",40.7448,-73.89377
"6258.02","72 St & Broadway",40.74751,-73.89372
"6570.06","72 St & Northern Blvd",40.75473,-73.89458
"6141.02","72 St & Woodside Ave",40.74288,-73.89283
"6757.03","73 St & 25 Ave",40.76205,-73.895
"2708.07","73 St & Ridge Blvd",40.63349,-74.02976
"6332.06","74 St & 37 Ave",40.74908,-73.89172
"6216.01","74 St & Woodside Ave",40.74325,-73.89079
"6408.08","75 St & 35 Ave",40.75091,-73.89111
"6527.07","75 St & Northern Blvd",40.75473,-73.8918
"7032.02","76 St & 21 Ave",40.77028,-73.893675
"6099.02","76 St & 45 Ave",40.7411,-73.88837
"6825.03","77 St & 24 Ave",40.76428,-73.89156
"6718.02","77 St & 31 Ave",40.75886,-73.89081
"2671.05","77 St & Colonial Rd",40.63121,-74.03318
"6603.07","78 St & Northern Blvd",40.75499,-73.88905
"2625.01","78 St & Ridge Blvd",40.62994,-74.03121
"6365.1","79 St & 37 Ave",40.74937,-73.88714
"6365.10","79 St & 37 Ave",40.74937,-73.88714
"2533.04","79 St & 5 Ave",40.62646,-74.02367
"6290.13","79 St & Roosevelt Ave",40.74718,-73.88675
"6174.03","79 St & Woodside Ave",40.74364,-73.88622
"6072.11","8 Ave & W 16 St",40.740983,-74.001702
"6224.06","8 Ave & W 24 St",40.745911,-73.998071
"6297.07","8 Ave & W 27 St",40.747968,-73.996637
"6450.05","8 Ave & W 31 St",40.750585,-73.994685
"6450.12","8 Ave & W 33 St",40.751556,-73.993889
"6526.05","8 Ave & W 38 St",40.75461,-73.99177
"6747.07","8 Ave & W 49 St",40.761712,-73.986551
"6816.07","8 Ave & W 52 St",40.763707,-73.985162
"7068.07","8 St & Astoria Blvd",40.7726,-73.932663
"6855.02","81 St & 24 Ave",40.76466,-73.88803
"6561.01","81 St & 34 Ave",40.75374,-73.88604
"6442.08","81 St & 35 Ave",40.75179,-73.88568
"6748.04","82 St & 30 Ave",40.76109,-73.88632
"6132.01","82 St & Broadway",40.74281,-73.88296
"2506.10","83 St & Narrows Ave",40.62757,-74.03838
"2419.03","84 St & 3 Ave",40.62503,-74.03059
"6323.04","84 St & Roosevelt Ave",40.74797,-73.88204
"6594.02","85 St & Northern Blvd",40.75601,-73.88266
"6475.07","86 St & 35 Ave",40.7523,-73.88093
"6399.06","86 St & 37 Ave",40.75,-73.88062
"2387.07","86 St & Ridge Blvd",40.62402,-74.03396
"6780.06","87 St & 30 Ave",40.76156,-73.88167
"6356.01","87 St & Roosevelt Ave",40.74825,-73.87936
"6848.04","88 St & Astoria Blvd",40.76424,-73.8812
"2345.05","89 St & 3 Ave",40.62137,-74.03209
"6190.08","9 Ave & W 18 St",40.743174,-74.003664
"8559.04","9 Ave & W 204 St",40.861699,-73.918557
"8696.05","9 Ave & W 219 St",40.871094,-73.911503
"6266.06","9 Ave & W 22 St",40.745497,-74.001971
"6492.08","9 Ave & W 33 St",40.752568,-73.996765
"6644.08","9 Ave & W 39 St",40.756404,-73.994101
"6717.06","9 Ave & W 45 St",40.760193,-73.991255
"6361.03","9 St & 44 Rd",40.74966,-73.9521
"6668.06","90 St & 32 Ave",40.75836,-73.87824
"6080.07","90 St & 51 Ave",40.73937,-73.87411
"6949.03","91 St & 23 Ave",40.76768,-73.87899
"6741.03","91 St & 31 Ave",40.76022,-73.87774
"6509.07","92 St & 35 Ave",40.7529,-73.87536
"6433.01","92 St & 37 Ave",40.75085,-73.87509
"6810.01","92 St & Astoria Blvd",40.76313,-73.8772
"6627.12","93 St & Northern Blvd",40.7564,-73.87504
"6390.05","93 St & Roosevelt Ave",40.74888,-73.87368
"5920.03","94 St & 57 Ave",40.73628,-73.86752
"6465.04","95 St & 35 Ave",40.75301,-73.87266
"2200.07","96 St & Marine Ave",40.61699,-74.03568
"6660.07","96 St & Northern Blvd",40.75712,-73.8722
"6941.03","97 St & 23 Ave",40.7683,-73.87331
"5953.03","97 St & 57 Ave",40.73727,-73.86415
"6840.02","98 St & 25 Ave",40.76454,-73.87171
"6304.04","98 St & 41 Ave",40.74773,-73.86649
"2086.07","99 St & 3 Ave",40.61451,-74.03502
"6660.05","99 St & 32 Ave",40.75896,-73.86976
"6542.05","99 St & 35 Ave",40.75404,-73.86887
"6423.03","99 St & 38 Ave",40.75055,-73.86725
"6146.01","99 St & 50 Ave",40.74278,-73.86226
"5987.03","99 St & 58 Ave",40.73761,-73.85959
"6733.01","99 St & Astoria Blvd",40.76196,-73.87042
"8579.05","Academy St & Nagle Ave",40.862562,-73.922661
"7643.18","Adam Clayton Powell Blvd & W 115 St",40.802535,-73.953242
"7670.09","Adam Clayton Powell Blvd & W 118 St",40.804372,-73.951475
"7704.04","Adam Clayton Powell Blvd & W 123 St",40.807832,-73.949373
"7738.04","Adam Clayton Powell Blvd & W 126 St",40.809495,-73.947765
"7774.02","Adam Clayton Powell Blvd & W 130 St",40.812346,-73.946168
"7814.01","Adam Clayton Powell Blvd & W 132 St",40.813539,-73.94521
"7855.03","Adam Clayton Powell Blvd & W 138 St",40.81696,-73.942296
"7893.05","Adam Clayton Powell Blvd & W 141 St",40.819241,-73.941057
"8009.05","Adam Clayton Powell Blvd & W 151 St",40.825289,-73.936232
"4821.10","Adams St & Prospect St",40.700763,-73.988698
"4821.1","Adams St & Prospect St",40.700763,-73.988698
"4620.02","Adelphi St & Myrtle Ave",40.693083,-73.971789
"3791.02","Albany Ave & Carroll St",40.6667,-73.93972
"4237.02","Albany Ave & Fulton St",40.680011,-73.938475
"3975.02","Albany Ave & Park Pl",40.67297,-73.93896
"5145.02","Albany St & Greenwich St",40.709267,-74.013247
"3180.09","Albemarle Rd & E 21 St",40.64741,-73.95933
"3166.03","Albemarle Rd & McDonald Ave",40.645074,-73.979681
"7712.04","Alexander Ave & E 134 St",40.807466,-73.927107
"5343.10","Allen St & Hester St",40.71606,-73.99191
"5343.1","Allen St & Hester St",40.71606,-73.99191
"5414.06","Allen St & Rivington St",40.720196,-73.989978
"5484.09","Allen St & Stanton St",40.722055,-73.989111
"4488.10","Amity St & Court St",40.688419,-73.993142
"5217.03","Amory Ct & Metropolitan Ave",40.71301,-73.90968
"7727.07","Amsterdam Ave & W 119 St",40.808625,-73.959621
"7800.03","Amsterdam Ave & W 125 St",40.813358,-73.956461
"7842.16","Amsterdam Ave & W 131 St",40.816355,-73.954295
"7920.05","Amsterdam Ave & W 136 St",40.819746,-73.951819
"8069.01","Amsterdam Ave & W 152 St",40.829523,-73.944279
"8104.10","Amsterdam Ave & W 156 St",40.832081,-73.942386
"8104.1","Amsterdam Ave & W 156 St",40.832081,-73.942386
"8172.07","Amsterdam Ave & W 162 St",40.83618,-73.939789
"8206.17","Amsterdam Ave & W 167 St",40.839443,-73.937044
"8242.04","Amsterdam Ave & W 172 St",40.842173,-73.935111
"8278.05","Amsterdam Ave & W 175 St",40.844044,-73.933651
"8353.02","Amsterdam Ave & W 180 St",40.847396,-73.931205
"8353.09","Amsterdam Ave & W 183 St",40.84925,-73.93022
"8394.15","Amsterdam Ave & W 186 St",40.851113,-73.928808
"8432.11","Amsterdam Ave & W 189 St",40.853188,-73.927158
"7149.05","Amsterdam Ave & W 66 St",40.774667,-73.984706
"7260.09","Amsterdam Ave & W 73 St",40.779668,-73.98093
"7311.02","Amsterdam Ave & W 79 St",40.782939,-73.978652
"7360.10","Amsterdam Ave & W 82 St",40.785247,-73.976673
"7360.1","Amsterdam Ave & W 82 St",40.785247,-73.976673
"8096.03","Anderson Ave & W 164 St",40.832057,-73.927421
"8520.01","Andrew Ave N & Hall of Fame Tce",40.85834,-73.91008
"8483.02","Andrews Ave S & W 179 St",40.855156,-73.91278
"8319.01","Anthony Ave & E 175 St",40.846465,-73.903869
"8356.04","Anthony Ave & E Tremont Ave",40.848793,-73.903178
"8535.09","Aqueduct Ave & North St",40.860479,-73.905717
"8605.06","Aqueduct Ave & W 190 St",40.864921,-73.902424
"4801.10","Arion Pl & Broadway",40.697891,-73.936642
"8430.03","Arthur Ave & E 183 St",40.85307,-73.88953
"8293.12","Arthur Ave & E Tremont Ave",40.84616,-73.89322
"6019.04","Ash St & Manhattan Ave",40.738095,-73.954867
"4513.09","Ashland Pl & Dekalb Ave",40.690065,-73.978776
"7159.08","Astoria Park S & Shore Blvd",40.7767,-73.927631
"4354.07","Atlantic Ave & Fort Greene Pl",40.683826,-73.976323
"4614.04","Atlantic Ave & Furman St",40.691652,-73.999979
"8491.07","Audubon Ave & Fort George Ave",40.857158,-73.927174
"8316.02","Audubon Ave & W 179 St",40.847305,-73.933291
"8469.05","Audubon Ave & W 192 St",40.85589,-73.927082
"5703.13","Ave A & E 11 St",40.728547,-73.981759
"5779.11","Ave A & E 14 St",40.730311,-73.980472
"5769.06","Ave C & E 16 St",40.729848,-73.974552
"2957.08","Ave C & McDonald Ave",40.640344,-73.979152
"5575.13","Ave D & E 10 St",40.725066,-73.975158
"5575.08","Ave D & E 12 St",40.725806,-73.974225
"5436.09","Ave D & E 3 St",40.720828,-73.977932
"5506.1","Ave D & E 8 St",40.723684,-73.975748
"5506.10","Ave D & E 8 St",40.723684,-73.975748
"8643.01","Bailey Ave & Sedgwick Ave",40.86571,-73.90857
"8676.01","Bailey Ave & W 193 St",40.87069,-73.90678
"8741.01","Bailey Ave & W 229 St",40.87449,-73.90467
"8831.03","Bailey Ave & W 234 St",40.88066,-73.90076
"8862.05","Bailey Ave & W 238 St",40.88394,-73.89824
"8862.02","Bailey Ave & W 238 St",40.88417,-73.89793
"8682.06","Bainbridge Ave & Bedford Park Blvd",40.87002,-73.88565
"8582.1","Bainbridge Ave & E 193 St",40.864155,-73.892453
"8582.10","Bainbridge Ave & E 193 St",40.864155,-73.892453
"8615.01","Bainbridge Ave & E 196 St",40.86648,-73.89042
"8649.03","Bainbridge Ave & E 198 St",40.868487,-73.888456
"8763.05","Bainbridge Ave & E 206 St",40.8751,-73.87941
"5922.08","Bank St & Hudson St",40.736529,-74.00618
"5964.01","Bank St & Washington St",40.736197,-74.008592
"5633.04","Banker St & Meserole Ave",40.72606,-73.95621
"5216.04","Barclay St & Church St",40.712912,-74.010202
"5805.05","Barrow St & Hudson St",40.731724,-74.006744
"7844.05","Barry St & Tiffany St",40.816126,-73.891559
"2615.05","Bay Ridge Pkwy & 5 Ave",40.62967,-74.02275
"3931.09","Bay St & Court St",40.671409,-74.001328
"5351.03","Bayard St & Baxter St",40.716021,-73.999744
"5442.05","Bayard St & Leonard St",40.719156,-73.948854
"4840.06","Beaver St & Fayette St",40.70099,-73.93921
"7807.04","Beck St & Leggett Ave",40.815077,-73.899939
"3256.04","Bedford Ave & Albemarle Rd",40.64796,-73.9556
"4066.15","Bedford Ave & Bergen St",40.676368,-73.952918
"3140.09","Bedford Ave & Beverley Rd",40.64491,-73.95487
"3439.03","Bedford Ave & Clarkson Ave",40.65519,-73.9564
"3552.09","Bedford Ave & Fenimore St",40.65815,-73.95674
"3625.04","Bedford Ave & Maple St",40.66035,-73.95679
"3736.03","Bedford Ave & Montgomery St",40.665816,-73.956934
"5550.05","Bedford Ave & Nassau Ave",40.723117,-73.952123
"5093.01","Bedford Ave & S 9 St",40.708531,-73.96409
"8752.01","Bedford Park Blvd & Paul Ave",40.87444,-73.89186
"6314.09","Benham St & Roosevelt Ave",40.74841,-73.8751
"7858.02","Bergen Ave & E 152 St",40.817166,-73.914737
"4322.06","Bergen St & 4 Ave",40.682564,-73.979898
"4072.02","Bergen St & Buffalo Ave",40.6747,-73.92512
"4281.08","Bergen St & Flatbush Ave",40.680945,-73.975673
"4089.01","Bergen St & Kingston Ave",40.6756,-73.9415
"4055.04","Bergen St & Mother Gaston Blvd",40.67374,-73.90852
"4064.03","Bergen St & Saratoga Ave",40.67423,-73.91656
"4446.01","Bergen St & Smith St",40.686744,-73.990632
"4048.03","Bergen St & Troy Ave",40.67524,-73.93596
"4157.1","Bergen St & Vanderbilt Ave",40.679439,-73.968044
"4157.10","Bergen St & Vanderbilt Ave",40.679439,-73.968044
"4134.06","Berkeley Pl & 6 Ave",40.67653,-73.978469
"4051.01","Berkeley Pl & 7 Ave",40.675147,-73.975232
"5379.09","Berry St & N 8 St",40.719009,-73.958525
"3187.01","Beverley Rd & E 49 St",40.64621,-73.93067
"3180.02","Beverley Rd & Flatbush Ave",40.64499,-73.95818
"3132.09","Beverley Rd & Nostrand Ave",40.64507,-73.9488
"5335.03","Bialystoker Pl & Delancey St",40.716226,-73.982612
"5679.08","Bleecker St & Crosby St",40.726156,-73.995102
"5176.04","Bleecker St & Forest Ave",40.7107,-73.90525
"5004.02","Boerum St & Broadway",40.705381,-73.949765
"4404.1","Bond St & Bergen St",40.684967,-73.986208
"4404.10","Bond St & Bergen St",40.684967,-73.986208
"4479.06","Bond St & Fulton St",40.689622,-73.983043
"8110.04","Boone Ave & E 172 St",40.832649,-73.885272
"6086.02","Borden Ave & 25 St",40.739614,-73.945151
"6001.01","Borden Ave & Review Ave",40.738663,-73.940938
"8048.04","Boston Rd & E 167 St",40.828199,-73.903719
"8248.05","Boston Rd & E 178 St",40.84096,-73.87923
"8133.08","Boston Rd & Prospect Ave",40.833246,-73.896599
"8212.01","Boston Rd & West Farms Rd",40.83998,-73.8806
"8646.02","Botanical Sq & Webster Ave",40.86814,-73.88145
"7992.04","Bradhurst Ave & W 148 St",40.825125,-73.941616
"5917.02","Bradley Ave & Greenpoint Ave",40.735659,-73.934788
"4181.10","Brevoort Pl & Bedford Ave",40.68012,-73.95362
"4181.1","Brevoort Pl & Bedford Ave",40.68012,-73.95362
"4968.03","Bridge St & Front St",40.702969,-73.984692
"4853.06","Bridge St & York St",40.701334,-73.984712
"4962.08","Broad St & Bridge St",40.703652,-74.011678
"6901.01","Broadway & 12 St",40.7668,-73.934777
"6789.08","Broadway & 31 St",40.76194,-73.92513
"6587.04","Broadway & 49 St",40.755389,-73.911517
"6545.07","Broadway & 51 St",40.754164,-73.908906
"6332.1","Broadway & 74 St",40.74653,-73.89121
"6332.10","Broadway & 74 St",40.74653,-73.89121
"4962.01","Broadway & Battery Pl",40.704633,-74.013617
"5164.05","Broadway & Berry St",40.710361,-73.965304
"5905.12","Broadway & E 14 St",40.734546,-73.990741
"5980.11","Broadway & E 19 St",40.73829,-73.99006
"6098.10","Broadway & E 21 St",40.739888,-73.989586
"6098.1","Broadway & E 21 St",40.739888,-73.989586
"8547.04","Broadway & Ellwood St",40.862058,-73.929719
"4244.06","Broadway & Furman Ave",40.68139,-73.90756
"4441.06","Broadway & Hancock St",40.686625,-73.916809
"5134.09","Broadway & Kent Ave",40.710888,-73.968329
"4608.01","Broadway & Kosciuszko St",40.69329,-73.92852
"4483.1","Broadway & Madison St",40.68822,-73.91966
"4483.10","Broadway & Madison St",40.68822,-73.91966
"5033.01","Broadway & Morris St",40.705945,-74.013219
"7823.03","Broadway & Moylan Pl",40.814326,-73.959026
"5125.07","Broadway & Roebling St",40.709248,-73.960631
"8879.02","Broadway & Van Cortlandt Park S",40.8863,-73.8997
"7783.18","Broadway & W 122 St",40.812056,-73.961255
"7865.09","Broadway & W 131 St",40.817555,-73.957163
"7903.02","Broadway & W 133 St",40.819034,-73.956156
"7942.07","Broadway & W 138 St",40.82182,-73.95353
"7981.16","Broadway & W 142 St",40.824686,-73.951947
"8089.05","Broadway & W 153 St",40.831327,-73.946665
"8123.06","Broadway & W 157 St",40.834027,-73.945108
"8157.06","Broadway & W 160 St",40.835775,-73.9434
"8191.01","Broadway & W 165 St",40.839137,-73.941409
"8226.06","Broadway & W 168 St",40.840896,-73.939721
"8416.07","Broadway & W 185 St",40.852538,-73.93441
"8511.08","Broadway & W 192 St",40.857994,-73.932173
"8715.01","Broadway & W 220 St",40.872412,-73.912807
"8849.03","Broadway & W 234 St",40.88185,-73.90291
"8879.03","Broadway & W 238 St",40.88524,-73.90077
"6173.08","Broadway & W 25 St",40.742869,-73.989186
"6289.06","Broadway & W 29 St",40.746201,-73.988557
"6441.01","Broadway & W 36 St",40.750977,-73.987654
"6441.02","Broadway & W 37 St",40.751726,-73.987535
"6560.15","Broadway & W 38 St",40.752973,-73.987349
"6560.01","Broadway & W 41 St",40.755136,-73.98658
"6708.04","Broadway & W 48 St",40.760177,-73.984868
"6779.05","Broadway & W 53 St",40.763441,-73.982681
"6847.02","Broadway & W 56 St",40.765265,-73.981923
"6948.10","Broadway & W 58 St",40.766953,-73.981693
"6948.1","Broadway & W 58 St",40.766953,-73.981693
"7014.12","Broadway & W 61 St",40.77003,-73.981968
"4883.03","Broadway & Whipple St",40.701666,-73.94373
"8284.01","Bronx Park S & Bryant Ave",40.84437,-73.87796
"7618.01","Bronx Shore Comfort Station",40.80046,-73.92404
"7707.08","Brook Ave & E 138 St",40.807408,-73.91924
"7740.08","Brook Ave & E 141 St",40.809619,-73.917875
"7816.14","Brook Ave & E 148 St",40.814383,-73.915368
"7935.07","Brook Ave & E 157 St",40.820713,-73.911759
"3164.04","Brooklyn Ave & Beverley Rd",40.64575,-73.94331
"4131.03","Brooklyn Ave & Dean St",40.67669,-73.94437
"3688.06","Brooklyn Ave & Lefferts Ave",40.662564,-73.945565
"4057.04","Brooklyn Ave & Prospect Pl",40.67412,-73.94447
"3278.07","Brooklyn Ave & Snyder Ave",40.64915,-73.94368
"3205.06","Brooklyn Ave & Tilden Ave",40.64725,-73.94352
"4756.04","Brooklyn Bridge Park - Pier 2",40.698458,-73.997178
"8535.01","Buchanan Pl & Grand Ave",40.85834,-73.90626
"3814.01","Buffalo Ave & E New York Ave",40.66591,-73.92602
"3885.06","Buffalo Ave & St John's Pl",40.67015,-73.92538
"6766.03","Bulova Ave & Brooklyn Queens Expressway W",40.762507,-73.902534
"4889.06","Bus Slip & State St",40.701907,-74.013942
"4680.05","Bushwick Ave & Dekalb Ave",40.69502,-73.92825
"4914.03","Bushwick Ave & Forrest St",40.70076,-73.93641
"4317.05","Bushwick Ave & Furman Ave",40.68281,-73.90623
"4640.01","Bushwick Ave & Harman St",40.69356,-73.92524
"4600.09","Bushwick Ave & Linden St",40.69146,-73.92146
"5027.02","Bushwick Ave & McKibbin St",40.705517,-73.93936
"5250.05","Bushwick Ave & Powers St",40.712477,-73.941
"5140.06","Bushwick Ave & Stagg St",40.709897,-73.94008
"6869.06","Butler St & 27 Ave",40.76521,-73.86483
"4339.01","Butler St & Court St",40.684989,-73.994403
"8358.10","Cabrini Blvd & W 177 St",40.848282,-73.941343
"8358.1","Cabrini Blvd & W 177 St",40.848282,-73.941343
"4821.06","Cadman Plaza E & Red Cross Pl",40.699918,-73.989718
"4677.01","Cadman Plaza E & Tillary St",40.695977,-73.990149
"5743.02","Calyer St & Jewel St",40.72984,-73.94839
"5676.04","Calyer St & West St",40.72693,-73.95863
"4377.04","Cambridge Pl & Gates Ave",40.68488,-73.96304
"5303.08","Canal St & Rutgers St",40.714275,-73.9899
"4199.12","Carlton Ave & Dean St",40.680974,-73.97101
"4732.08","Carlton Ave & Flushing Ave",40.697787,-73.973736
"4386.07","Carlton Ave & Greene Ave",40.685957,-73.971468
"4732.04","Carlton Ave & Park Ave",40.695807,-73.973556
"4199.13","Carlton Ave & St Marks Ave",40.679119,-73.971763
"5763.03","Carmine St & 6 Ave",40.730386,-74.00215
"4060.09","Carroll St & 5 Ave",40.675162,-73.981483
"4019.06","Carroll St & 6 Ave",40.674089,-73.978728
"4348.07","Carroll St & Columbia St",40.683046,-74.003486
"3847.04","Carroll St & Franklin Ave",40.667941,-73.9588
"3742.11","Carroll St & Rochester Ave",40.66598,-73.9284
"4225.14","Carroll St & Smith St",40.680611,-73.994758
"3782.03","Carroll St & Utica Ave",40.66619,-73.93162
"3887.03","Carroll St & Washington Ave",40.668674,-73.961815
"6273.03","Case St & 94 St",40.74619,-73.87193
"4912.10","Catalpa Ave & Woodward Ave",40.70229,-73.90145
"4912.1","Catalpa Ave & Woodward Ave",40.70229,-73.90145
"7680.03","Cathedral Pkwy & Broadway",40.804213,-73.966991
"5128.04","Catherine St & Monroe St",40.711174,-73.996826
"3303.03","Caton Ave & Argyle Rd",40.649681,-73.967829
"3368.04","Caton Ave & Bedford Ave",40.65237,-73.95623
"3230.01","Caton Ave & E 10 St",40.648481,-73.97058
"3199.01","Caton Ave & E 7 St",40.647718,-73.973663
"3335.09","Caton Ave & St. Pauls Pl",40.65153,-73.96277
"7913.15","Cauldwell Ave & E 158 St",40.81989,-73.908351
"7952.02","Cauldwell Ave & E 161 St",40.82188,-73.907521
"8575.02","Cedar Ave & W Fordham Rd",40.86156,-73.91219
"4721.01","Cedar St & Evergreen Ave",40.69671,-73.92807
"4751.01","Cedar St & Myrtle Ave",40.697842,-73.926241
"6254.06","Center Blvd & 48 Ave",40.745038,-73.957539
"6179.07","Center Blvd & 51 Ave",40.743366,-73.959607
"4550.05","Central Ave & Covert St",40.68929,-73.90951
"4432.10","Central Ave & Decatur St",40.6882,-73.90798
"4432.1","Central Ave & Decatur St",40.6882,-73.90798
"4947.04","Central Ave & Flushing Ave",40.702831,-73.9333
"4713.01","Central Ave & Himrod St",40.69676,-73.92302
"4832.07","Central Ave & Melrose St",40.70112,-73.93039
"4792.03","Central Ave & Starr St",40.700003,-73.92834
"4591.04","Central Ave & Weirfield St",40.69055,-73.91181
"4632.10","Central Ave & Woodbine St",40.69296,-73.91605
"4632.1","Central Ave & Woodbine St",40.69296,-73.91605
"7617.07","Central Park North & Adam Clayton Powell Blvd",40.799484,-73.955613
"6876.04","Central Park S & 6 Ave",40.765909,-73.976342
"6839.15","Central Park S & Grand Army Plaza",40.764555,-73.973473
"7577.27","Central Park W & W 103 St",40.79559,-73.961884
"7079.06","Central Park W & W 68 St",40.773407,-73.977825
"7141.07","Central Park W & W 72 St",40.775794,-73.976206
"7253.04","Central Park W & W 76 St",40.778968,-73.973747
"7354.01","Central Park W & W 85 St",40.78476,-73.969862
"7453.01","Central Park W & W 91 St",40.788665,-73.966801
"7538.18","Central Park W & W 97 St",40.792495,-73.964171
"5207.01","Centre St & Chambers St",40.712733,-74.004607
"4837.03","Centre St & Seneca Ave",40.69969,-73.9022
"5279.03","Centre St & Worth St",40.714948,-74.002345
"8167.04","Charlotte St & Boston Rd",40.835877,-73.893143
"4293.05","Chauncey St & Howard Ave",40.68158,-73.91959
"4228.06","Chauncey St & Malcolm X Blvd",40.68044,-73.92842
"4196.05","Chauncey St & Stuyvesant Ave",40.68012,-73.93168
"5181.04","Cherry St",40.712199,-73.979481
"3135.04","Chester Ave & 12 Ave",40.644367,-73.984276
"5847.01","Christopher St & Greenwich St",40.732916,-74.007114
"3309.04","Church Ave & E 42 St",40.65127,-73.93818
"3341.06","Church Ave & E 45 St",40.65159,-73.93535
"3090.06","Church Ave & McDonald Ave",40.642809,-73.979239
"3359.01","Church Ave & Nostrand Ave",40.65074,-73.94986
"3007.05","Church Ave & Story St",40.642031,-73.981073
"5359.13","Church St & Worth St",40.716885,-74.006501
"8756.03","Claflin Ave & Reservoir Ave",40.87398,-73.89943
"4789.03","Clark St & Henry St",40.697601,-73.993446
"3463.01","Clarkson Ave & E 37 St",40.65577,-73.9432
"3423.10","Clarkson Ave & E 40 St",40.65592,-73.94068
"3423.1","Clarkson Ave & E 40 St",40.65592,-73.94068
"3472.03","Clarkson Ave & Nostrand Ave",40.6555,-73.94975
"3454.01","Clarkson Ave & Troy Ave",40.656322,-73.936479
"3486.02","Clarkson Ave & Utica Ave",40.65666,-73.93109
"4074.14","Classon Ave & St Marks Ave",40.676513,-73.959431
"8225.05","Clay Ave & Claremont Pkwy",40.83999,-73.90549
"8281.06","Clay Ave & E 173 St",40.843264,-73.904867
"4461.01","Clermont Ave & Lafayette Ave",40.687645,-73.969689
"4692.01","Clermont Ave & Park Ave",40.695734,-73.971297
"5492.05","Cleveland Pl & Spring St",40.722104,-73.997249
"5065.14","Cliff St & Fulton St",40.70838,-74.00495
"4485.10","Clifton Pl & Bedford Ave",40.688655,-73.955156
"4485.1","Clifton Pl & Bedford Ave",40.688655,-73.955156
"4762.04","Clinton Ave & Flushing Ave",40.69794,-73.969868
"4651.02","Clinton Ave & Myrtle Ave",40.693261,-73.968896
"4119.04","Clinton St & 4 Place",40.678356,-74.000145
"4045.01","Clinton St & Centre St",40.67434,-74.001947
"5190.09","Clinton St & Cherry St",40.711471,-73.986726
"5303.06","Clinton St & Grand St",40.715595,-73.987029
"5303.06_","Clinton St & Grand St",40.715738,-73.98699
"4605.04","Clinton St & Joralemon St",40.692395,-73.993379
"4748.07","Clinton St & Tillary St",40.696233,-73.991421
"4266.03","Clinton St & Union St",40.683116,-73.997853
"4137.1","Coffey St & Conover St",40.677236,-74.015665
"4137.10","Coffey St & Conover St",40.677236,-74.015665
"4137.14","Coffey St & Ferris St",40.678184,-74.017017
"8141.05","College Ave & E 169 St",40.835123,-73.911968
"8175.06","College Ave & E 170 St",40.837576,-73.910489
"2843.01","Colonial Rd & 68 St",40.63841,-74.03093
"2754.05","Colonial Rd & 71 St",40.63537,-74.03202
"2506.11","Colonial Rd & 83 St",40.62691,-74.03564
"2312.02","Colonial Rd & 89 St",40.62254,-74.03726
"2981.03","Colonial Rd & Wakeman Pl",40.64067,-74.0294
"4829.01","Columbia Heights & Cranberry St",40.700379,-73.995481
"4422.04","Columbia St & Degraw St",40.68593,-74.002424
"4422.05","Columbia St & Kane St",40.687632,-74.001626
"4013.08","Columbia St & Lorraine St",40.674705,-74.007557
"5365.02","Columbia St & Rivington St",40.7174,-73.980166
"4086.05","Columbia St & W 9 St",40.676999,-74.006471
"7595.17","Columbus Ave & W 103 St",40.796935,-73.964341
"6986.07","Columbus Ave & W 59 St",40.76931,-73.98464
"7175.05","Columbus Ave & W 72 St",40.777058,-73.978985
"7520.07","Columbus Ave & W 95 St",40.791956,-73.968087
"4146.02","Columbus Pl & Atlantic Ave",40.67717,-73.92285
"4243.01","Commerce St & Van Brunt St",40.681212,-74.008609
"4781.03","Concord St & Bridge St",40.697666,-73.984764
"8000.02","Concourse Village East & E 158 St",40.823732,-73.919379
"7962.01","Concourse Village West & E 156 St",40.823162,-73.923267
"4455.1","Congress St & Clinton St",40.688255,-73.995452
"4455.10","Congress St & Clinton St",40.688255,-73.995452
"4497.09","Congress St & Hicks St",40.689395,-73.999513
"7860.08","Convent Ave & W 135 St",40.818215,-73.950988
"8049.1","Convent Ave & W 151 St",40.82831,-73.942924
"8049.10","Convent Ave & W 151 St",40.82831,-73.942924
"4862.07","Cooper Ave & 65 Pl",40.69953,-73.88873
"5712.03","Cooper Square & Astor Pl",40.729515,-73.990753
"6222.04","Corona Ave & 102 St",40.74419,-73.8619
"6053.01","Corona Ave & 111 St",40.7408,-73.84978
"6123.02","Corona Ave & 90 St",40.74154,-73.87484
"6155.03","Corona Ave & 92 St",40.7424,-73.87251
"6188.04","Corona Ave & 98 St",40.74448,-73.86516
"3121.01","Cortelyou Rd & Albany Ave",40.64483,-73.93853
"2984.04","Cortelyou Rd & Argyle Rd",40.64034,-73.96603
"3022.01","Cortelyou Rd & E 19 St",40.64269,-73.96099
"3087.01","Cortelyou Rd & E 34 St",40.64454,-73.94486
"2947.05","Cortelyou Rd & E 8 St",40.63874,-73.97063
"2898.01","Cortelyou Rd & Stratford Rd",40.63966,-73.96807
"4077.07","Court St & Huntington St",40.675958,-73.998949
"4077.07","Court St & Nelson St",40.676395,-73.998699
"4488.08","Court St & State St",40.690238,-73.992031
"7840.05","Courtlandt Ave & E 149 St",40.816402,-73.919549
"8447.07","Crescent Ave & Belmont Ave",40.85391,-73.8866
"6958.06","Crescent St & 30 Ave",40.768692,-73.924957
"6759.15","Crescent St & 34 Ave",40.76108,-73.930562
"6688.01","Crescent St & 35 Ave",40.759628,-73.932145
"6827.11","Crescent St & Broadway",40.763359,-73.928647
"7233.05","Crescent St & Ditmars Blvd",40.778718,-73.914564
"8257.03","Crotona Ave & Crotona Park N",40.84234,-73.89409
"8330.05","Crotona Ave & E 179 St",40.84666,-73.88991
"8387.03","Crotona Ave & E 183 St",40.85157,-73.88475
"8502.04","Crotona Ave & E Fordham Rd",40.8579,-73.88147
"8182.02","Crotona Park East & E 173 St",40.837037,-73.890413
"8236.01","Crotona Park North & Prospect Ave",40.841092,-73.892317
"8325.12","Crotona Pkwy & Bronx Park S",40.84784,-73.883
"8252.03","Crotona Pkwy & Elsmere Pl",40.84188,-73.8855
"3768.02","Crown St & Rogers Ave",40.66639,-73.95346
"3751.05","Crown St & Troy Ave",40.66559,-73.93712
"4428.02","Cumberland St & Lafayette Ave",40.687534,-73.972652
"4765.07","Cypress Ave & George St",40.69812,-73.90271
"4921.04","Cypress Ave & Palmetto St",40.701573,-73.908763
"4687.03","Cypress Ave & St Felix Ave",40.69559,-73.89927
"4904.03","Cypress Hills St & Otto Rd",40.70204,-73.89288
"3208.07","Dahill Rd & 12 Ave",40.646037,-73.980963
"8441.05","Davidson Ave & W Burnside Ave",40.853646,-73.908731
"6278.05","Davis St & Jackson Ave",40.745627,-73.945661
"7888.1","Dawson St & Intervale Ave",40.819999,-73.897263
"7888.10","Dawson St & Intervale Ave",40.819999,-73.897263
"4562.02","DeKalb Ave & Bedford Ave",40.690894,-73.955195
"4528.01","DeKalb Ave & Franklin Ave",40.690648,-73.957462
"4513.06","DeKalb Ave & Hudson Ave",40.689888,-73.981013
"4546.06","DeKalb Ave & S Portland Ave",40.68967,-73.975274
"4461.04","DeKalb Ave & Vanderbilt Ave",40.689407,-73.968855
"4107.13","Dean St & Franklin Ave",40.677592,-73.955637
"4446.05","Dean St & Hoyt St",40.686444,-73.987591
"4096.08","Dean St & Rockaway Ave",40.67486,-73.91123
"8664.06","Decatur Ave & Bedford Park Blvd",40.86813,-73.88412
"8597.01","Decatur Ave & E 197 St",40.86557,-73.88807
"8631.03","Decatur Ave & Oliver Pl",40.867,-73.885776
"4366.1","Decatur St & Saratoga Ave",40.68332,-73.91711
"4366.10","Decatur St & Saratoga Ave",40.68332,-73.91711
"4217.06","Degraw St & 3 Ave",40.67977,-73.9847
"4258.07","Degraw St & Hoyt St",40.68199,-73.99079
"4298.05","Degraw St & Smith St",40.682915,-73.993182
"5414.07","Delancey St & Eldridge St",40.719383,-73.991479
"5259.06","Devoe St & Lorimer St",40.713352,-73.949103
"5282.02","Devoe St & Morgan Ave",40.713811,-73.93515
"6970.02","Ditmars Blvd & 102 St",40.76894,-73.86832
"7291.06","Ditmars Blvd & 19 St",40.78145,-73.91833
"6793.01","Ditmars Blvd & 31 Dr",40.76138,-73.86035
"7039.03","Ditmars Blvd & 43 St",40.771203,-73.903865
"6935.01","Ditmars Blvd & 48 St",40.769219,-73.901001
"6964.05","Ditmars Blvd & 73 St",40.76817,-73.896293
"6927.03","Ditmars Blvd & 76 St",40.768442,-73.893531
"6994.06","Ditmars Blvd & 79 St",40.768728,-73.890745
"6978.04","Ditmars Blvd & 94 St",40.7702,-73.87587
"2818.01","Ditmas Ave & McDonald Ave",40.63548,-73.97825
"5045.05","Division Ave & Hooper St",40.706842,-73.954435
"5084.03","Division Ave & Marcy Ave",40.707087,-73.957968
"5311.08","Division St & Bowery",40.71419,-73.99673
"4804.02","Dock 72 Way & Market St",40.69985,-73.97141
"4903.09","Dock St & Front St",40.702709,-73.99253
"4217.02","Douglass St & 3 Ave",40.680213,-73.984327
"4175.14","Douglass St & 4 Ave",40.679279,-73.98154
"5481.04","Driggs Ave & Lorimer St",40.721791,-73.950415
"5411.08","Driggs Ave & N 9 St",40.71817,-73.955201
"5542.04","Driggs Ave & N Henry St",40.72325,-73.94308
"5235.10","Driggs Ave & S 2 St",40.712628,-73.960575
"5235.1","Driggs Ave & S 2 St",40.712628,-73.960575
"5359.12","Duane St & Hudson St",40.71703,-74.00925
"4596.05","Duffield St & Willoughby St",40.692216,-73.984284
"4054.06","Dwight St & Dikeman St",40.674875,-74.01048
"3981.1","Dwight St & Van Dyke St",40.673636,-74.011956
"3981.10","Dwight St & Van Dyke St",40.673636,-74.011956
"8507.02","Dyckman St & 10 Ave",40.858904,-73.923094
"8636.04","Dyckman St & Henshaw St",40.867357,-73.92936
"8655.02","Dyckman St & Staff St",40.868846,-73.931537
"5593.01","E 1 St & 1 Ave",40.723356,-73.98865
"5636.13","E 1 St & Bowery",40.724861,-73.992131
"5746.02","E 10 St & 2 Ave",40.729708,-73.986598
"5872.08","E 10 St & 5 Ave",40.73332,-73.995101
"5659.05","E 10 St & Ave A",40.727408,-73.98142
"7407.13","E 102 St & 1 Ave",40.786995,-73.941648
"7488.24","E 102 St & Park Ave",40.790483,-73.950331
"7436.16","E 103 St & 2 Ave",40.78864,-73.9436
"7463.09","E 103 St & Lexington Ave",40.790305,-73.947558
"7456.03","E 106 St & 1 Ave",40.789253,-73.939562
"7504.18","E 106 St & Lexington Ave",40.791976,-73.945993
"7528.31","E 106 St & Madison Ave",40.793434,-73.94945
"5746.14","E 11 St & 1 Ave",40.729538,-73.984267
"5788.16","E 11 St & 3 Ave",40.73127,-73.98849
"5659.11","E 11 St & Ave B",40.727464,-73.979504
"5829.12","E 11 St & Broadway",40.732618,-73.99158
"7540.02","E 114 St & 1 Ave",40.794566,-73.936254
"7599.09","E 115 St & Lexington Ave",40.797911,-73.9423
"7599.02","E 115 St & Madison Ave",40.798944,-73.944846
"7563.06","E 116 St & 2 Ave",40.796879,-73.937261
"7611.02","E 118 St & 3 Ave",40.799139,-73.938915
"7640.04","E 118 St & Madison Ave",40.801487,-73.944251
"7625.18","E 118 St & Park Ave",40.800539,-73.941995
"5788.12","E 12 St & 3 Ave",40.732233,-73.9889
"5616.08","E 12 St & Ave C",40.727243,-73.976831
"7636.05","E 123 St & Lexington Ave",40.802926,-73.9379
"7696.07","E 128 St & 3 Ave",40.805631,-73.934077
"7735.23","E 128 St & Madison Ave",40.80756,-73.939182
"5820.08","E 13 St & 2 Ave",40.731539,-73.985302
"5779.09","E 13 St & Ave A",40.729667,-73.98068
"7748.02","E 132 St & Madison Ave",40.810224,-73.937195
"7642.04","E 133 St & Cypress Pl",40.80262,-73.9174
"7613.04","E 134 St & Walnut Ave",40.800425,-73.911034
"7687.05","E 135 St & St Ann's Ave",40.805089,-73.918889
"7809.13","E 138 St & 5 Ave",40.81449,-73.936153
"7669.1","E 138 St & Cypress Ave",40.805559,-73.914718
"7669.10","E 138 St & Cypress Ave",40.805559,-73.914718
"7803.08","E 138 St & Grand Concourse",40.813224,-73.930605
"7803.02","E 138 St & Park Ave",40.812636,-73.92925
"7654.04","E 138 St & Willow Ave",40.804168,-73.911545
"5779.10","E 14 St & 1 Ave",40.731393,-73.982867
"5779.1","E 14 St & 1 Ave",40.731393,-73.982867
"5736.09","E 14 St & Ave B",40.729387,-73.977724
"7703.14","E 141 St & Jackson Ave",40.806896,-73.911837
"7722.06","E 141 St & St Ann's Ave",40.808633,-73.916124
"7781.10","E 142 St & 3 Ave",40.812735,-73.923697
"7781.1","E 142 St & 3 Ave",40.812735,-73.923697
"7777.02","E 144 St & Brook Ave",40.811675,-73.917037
"7840.11","E 147 St & Bergen Ave",40.814673,-73.91839
"7793.02","E 149 St & Eagle Ave",40.814046,-73.91186
"7812.01","E 149 St & Jackson Ave",40.813142,-73.909234
"7863.03","E 149 St & Morris Ave",40.81734,-73.922962
"7884.04","E 149 St & Park Ave",40.818154,-73.925294
"5863.07","E 15 St & 3 Ave",40.734232,-73.986923
"5947.06","E 15 St & 5 Ave",40.736592,-73.992949
"8025.01","E 153 St & E 157 St",40.826677,-73.929327
"7940.02","E 155 St & Courtlandt Ave",40.82057,-73.917579
"7896.11","E 156 St & Brook Ave",40.819823,-73.912411
"7940.04","E 156 St & Courtlandt Ave",40.821239,-73.91733
"8005.03","E 157 St & River Ave",40.825737,-73.927311
"7957.11","E 158 St & Melrose Ave",40.822215,-73.914688
"6022.04","E 16 St & 5 Ave",40.737262,-73.99239
"3070.04","E 16 St & Cortelyou Rd",40.64173,-73.96364
"5938.11","E 16 St & Irving Pl",40.735367,-73.987974
"7931.05","E 160 St & Tinton Ave",40.820302,-73.903944
"7979.17","E 161 St & Park Ave",40.824811,-73.916407
"8041.07","E 161 St & River Ave",40.827883,-73.927111
"7927.08","E 163 St & Tiffany St",40.821075,-73.895069
"7970.05","E 163 St & Union Ave",40.822545,-73.901824
"8052.02","E 165 St & Clay Ave",40.82809,-73.91288
"7966.02","E 165 St & Fox St",40.82394,-73.894025
"8130.02","E 165 St & Jerome Ave",40.83263,-73.925101
"8040.03","E 167 St & Bryant Ave",40.826714,-73.888719
"8088.01","E 167 St & Clay Ave",40.83094,-73.91125
"8048.01","E 167 St & Franklin Ave",40.82895,-73.90521
"8024.05","E 169 St & Fox St",40.827184,-73.893721
"8122.04","E 169 St & Webster Ave",40.834015,-73.908863
"5896.01","E 17 St & 2 Ave",40.734312,-73.983725
"3148.08","E 17 St & Beverley Rd",40.64466,-73.96322
"5980.10","E 17 St & Broadway",40.737006,-73.990134
"5980.1","E 17 St & Broadway",40.737006,-73.990134
"8156.01","E 170 St & Clay Ave",40.837213,-73.908345
"8194.07","E 170 St & Sheridan Ave",40.838315,-73.912604
"8156.03","E 170 St & Webster Ave",40.836179,-73.907301
"8171.06","E 171 St & 3 Ave",40.837119,-73.902185
"8190.03","E 171 St & Webster Ave",40.838379,-73.905838
"8144.09","E 174 St & Longfellow Ave",40.836274,-73.884308
"8285.09","E 174 St & Walton Ave",40.844811,-73.912042
"8272.08","E 176 St & Clinton Ave",40.84311,-73.89149
"8351.06","E 178 St & Monterey Ave",40.84749,-73.89464
"8268.08","E 179 St & Daly Ave",40.84335,-73.88247
"8288.11","E 179 St & Southern Blvd",40.84467,-73.88507
"3263.01","E 18 St & Church Ave",40.64958,-73.96316
"8392.02","E 180 St & Monterey Ave",40.85025,-73.89301
"8346.06","E 180 St & Prospect Ave",40.84696,-73.88663
"8415.01","E 181 St & Bathgate Ave",40.85198,-73.89438
"8410.10","E 182 St & Belmont Ave",40.85089,-73.88793
"8410.1","E 182 St & Belmont Ave",40.85089,-73.88793
"8494.07","E 182 St & Grand Concourse",40.85591,-73.90051
"8494.01","E 182 St & Morris Ave",40.856708,-73.902653
"8451.07","E 182 St & Park Ave",40.85455,-73.89507
"8467.03","E 184 St & 3 Ave",40.85472,-73.89022
"8489.06","E 187 St & 3 Ave",40.85724,-73.8909
"8566.05","E 188 St & Creston Ave",40.861669,-73.898589
"8485.01","E 188 St & Hughes Ave",40.8561,-73.88625
"8505.08","E 189 St & Bathgate Ave",40.85859,-73.88821
"5938.01","E 19 St & 3 Ave",40.736245,-73.984738
"3148.09","E 19 St & Beverley Rd",40.64483,-73.9613
"8541.04","E 191 St & Bathgate Ave",40.8601,-73.8866
"8635.09","E 196 St & Valentine Ave",40.86744,-73.89198
"5593.02","E 2 St & 2 Ave",40.725029,-73.990697
"5553.1","E 2 St & Ave A",40.723077,-73.985836
"5553.10","E 2 St & Ave A",40.723077,-73.985836
"5515.02","E 2 St & Ave B",40.722174,-73.983688
"5476.03","E 2 St & Ave C",40.720874,-73.980858
"5971.08","E 20 St & 2 Ave",40.735877,-73.98205
"5886.13","E 20 St & FDR Dr",40.733209,-73.975681
"6055.08","E 20 St & Park Ave",40.738274,-73.98752
"8717.07","E 201 St & Briggs Ave",40.87207,-73.88459
"8714.06","E 204 St & Webster Ave",40.87095,-73.87679
"8744.07","E 205 St & Webster Ave",40.87302,-73.87514
"3294.03","E 21 St & Church Ave",40.65007,-73.96001
"5971.09","E 22 St & 2 Ave",40.737169,-73.981225
"5929.01","E 23 St & 1 Ave",40.736502,-73.978095
"5929.07","E 23 St & FDR Dr",40.736,-73.97605
"6131.1","E 24 St & Park Ave S",40.740964,-73.986022
"6004.07","E 25 St & 1 Ave",40.738176,-73.977387
"6046.02","E 25 St & 2 Ave",40.739126,-73.979738
"6089.11","E 26 St & 3 Ave",40.740693,-73.981606
"6004.06","E 27 St & 1 Ave",40.739445,-73.976806
"6131.13","E 27 St & Park Ave S",40.742752,-73.984716
"5553.03","E 3 St & 1 Ave",40.724677,-73.987834
"3046.03","E 3 St & Church Ave",40.643817,-73.977433
"2908.02","E 3 St & Cortelyou Rd",40.63828,-73.9765
"6206.08","E 30 St & Park Ave S",40.744449,-73.983035
"6239.08","E 31 St & 3 Ave",40.743943,-73.979661
"6280.12","E 32 St & Park Ave",40.745712,-73.981948
"6197.08","E 33 St & 1 Ave",40.743227,-73.974498
"6322.01","E 33 St & 5 Ave",40.747659,-73.984907
"3318.05","E 34 St & Church Ave",40.65116,-73.94577
"3391.10","E 34 St & Linden Blvd",40.65302,-73.94599
"3391.1","E 34 St & Linden Blvd",40.65302,-73.94599
"6398.08","E 35 St & Madison Ave",40.74848,-73.982556
"3350.04","E 38 St & Church Ave",40.65106,-73.94193
"6389.09","E 39 St & Lexington Ave",40.749499,-73.977292
"5593.04","E 4 St & 2 Ave",40.726281,-73.98978
"5515.08","E 4 St & Ave B",40.723347,-73.982659
"6474.11","E 40 St & 5 Ave",40.752062,-73.981632
"6432.11","E 40 St & Park Ave",40.750756,-73.978326
"6422.08","E 43 St & 2 Ave",40.750224,-73.971214
"6551.11","E 43 St & Madison Ave",40.753547,-73.978966
"6422.09","E 44 St & 2 Ave",40.751184,-73.971387
"6464.09","E 44 St & Lexington Ave",40.752643,-73.974996
"6464.08","E 45 St & 3 Ave",40.752554,-73.972826
"6551.16","E 46 St & Madison Ave",40.755393,-73.977601
"6498.09","E 47 St & 1 Ave",40.752069,-73.967844
"6498.1","E 47 St & 2 Ave",40.753231,-73.970325
"6498.10","E 47 St & 2 Ave",40.753231,-73.970325
"6584.12","E 47 St & Park Ave",40.755103,-73.974987
"6541.03","E 48 St & 3 Ave",40.754601,-73.971879
"6626.01","E 48 St & 5 Ave",40.757246,-73.978059
"3229.07","E 48 St & Tilden Ave",40.64795,-73.93182
"3300.04","E 49 St & Church Ave",40.65182,-73.93135
"5626.06","E 5 St & Ave A",40.72479,-73.984301
"5545.04","E 5 St & Ave C",40.722992,-73.979955
"5712.12","E 5 St & Cooper Sq",40.72769,-73.990993
"6659.10","E 50 St & Park Ave",40.757334,-73.974235
"6659.1","E 50 St & Park Ave",40.757334,-73.974235
"6532.06","E 51 St & 1 Ave",40.754557,-73.96593
"6575.03","E 51 St & 2 Ave",40.755293,-73.967641
"6659.01","E 51 St & Lexington Ave",40.757148,-73.972078
"3373.01","E 51 St & Linden Blvd",40.65399,-73.92967
"6617.02","E 53 St & 3 Ave",40.757632,-73.969306
"6617.09","E 53 St & Lexington Ave",40.758281,-73.970694
"6659.03","E 53 St & Madison Ave",40.759711,-73.974023
"6608.09","E 54 St & 1 Ave",40.756265,-73.964179
"6650.07","E 55 St & 2 Ave",40.757973,-73.966033
"6691.11","E 56 St & 3 Ave",40.759345,-73.967597
"6732.01","E 56 St & Madison Ave",40.761573,-73.972628
"6682.03","E 58 St & 1 Ave (NE Corner)",40.758924,-73.962262
"6723.10","E 58 St & 1 Ave (NW Corner)",40.759125,-73.962658
"6723.1","E 58 St & 1 Ave (NW Corner)",40.759125,-73.962658
"6762.02","E 58 St & 3 Ave",40.760958,-73.967245
"6839.04","E 58 St & Madison Ave",40.763026,-73.972095
"5669.12","E 6 St & 2 Ave",40.727379,-73.988408
"5584.04","E 6 St & Ave B",40.724537,-73.981854
"5506.14","E 6 St & Ave D",40.722281,-73.976687
"6682.08","E 60 St & York Ave",40.759107,-73.959223
"6801.16","E 61 St & Madison Ave",40.764753,-73.970378
"6830.02","E 63 St & 3 Ave",40.763954,-73.9646
"6860.12","E 65 St & 2 Ave",40.764719,-73.962221
"6969.08","E 66 St & Madison Ave",40.768009,-73.968453
"6932.14","E 67 St & Park Ave",40.767801,-73.965921
"6896.16","E 68 St & 3 Ave",40.767128,-73.962246
"6932.15","E 68 St & Madison Ave",40.769157,-73.967035
"5626.07","E 7 St & Ave A",40.726218,-73.983799
"5584.05","E 7 St & Ave B",40.725129,-73.981317
"5545.01","E 7 St & Ave C",40.724129,-73.979013
"6998.08","E 72 St & Park Ave",40.771183,-73.964094
"6889.12","E 72 St & York Ave",40.766638,-73.953483
"6953.08","E 74 St & 1 Ave",40.768974,-73.954823
"6991.12","E 75 St & 3 Ave",40.771129,-73.957723
"7128.08","E 76 St & Park Ave",40.773763,-73.962221
"7020.02","E 77 St & 1 Ave",40.770956,-73.953562
"7092.06","E 77 St & 3 Ave",40.773142,-73.958562
"7057.07","E 78 St & 2 Ave",40.772797,-73.955778
"3080.01","E 8 St & Beverley Rd",40.64369,-73.97163
"3272.01","E 8 St & Caton Ave",40.648055,-73.972432
"7121.02","E 80 St & 2 Ave",40.773914,-73.954395
"7188.1","E 81 St & Park Ave",40.776777,-73.95901
"7188.10","E 81 St & Park Ave",40.776777,-73.95901
"7084.12","E 81 St & York Ave",40.772838,-73.949892
"7049.04","E 82 St & East End Ave",40.772461,-73.946821
"7180.02","E 84 St & 1 Ave",40.775655,-73.950686
"7243.04","E 84 St & Park Ave",40.778627,-73.957721
"7212.05","E 85 St & 3 Ave",40.778012,-73.954071
"7146.04","E 85 St & York Ave",40.775369,-73.948034
"7235.13","E 88 St & 1 Ave",40.778301,-73.948813
"7293.1","E 88 St & Park Ave",40.781411,-73.955959
"7293.10","E 88 St & Park Ave",40.781411,-73.955959
"7265.1","E 89 St & 3 Ave",40.780628,-73.952167
"7265.10","E 89 St & 3 Ave",40.780628,-73.952167
"7204.08","E 89 St & York Ave",40.777945,-73.946041
"5872.1","E 9 St & 5 Ave",40.732759,-73.995817
"5872.10","E 9 St & 5 Ave",40.732759,-73.995817
"5616.01","E 9 St & Ave C",40.725213,-73.977688
"7286.01","E 91 St & 2 Ave",40.781153,-73.94963
"7344.05","E 91 St & Park Ave",40.783502,-73.955327
"7286.02","E 93 St & 2 Ave",40.782454,-73.94892
"7344.01","E 94 St & Madison Ave",40.785851,-73.954824
"7365.13","E 95 St & 3 Ave",40.784903,-73.950503
"7365.08","E 97 St & 3 Ave",40.78592,-73.948603
"7393.09","E 97 St & Madison Ave",40.787801,-73.953559
"7443.17","E 98 St & Park Ave",40.78813,-73.95206
"8397.02","E Burnside Ave & Ryer Ave",40.850535,-73.901318
"8582.09","E Fordham Rd & Webster Ave",40.861748,-73.89105
"5436.11","E Houston St & Columbia St",40.719786,-73.978716
"8748.02","E Mosholu Pkwy & E 204 St",40.87407,-73.883365
"8778.01","E Mosholu Pkwy & Van Cortlandt Ave E",40.87656,-73.88366
"3680.04","E New York Ave & Troy Ave",40.66227,-73.93762
"3671.01","E New York Ave & Utica Ave",40.662686,-73.931755
"8356.02","E Tremont Ave & E 176 St",40.847798,-73.901883
"8403.02","E Tremont Ave & Jerome Ave",40.851747,-73.908964
"5902.07","Eagle St & Manhattan Ave",40.735217,-73.954926
"8672.05","Eames Pl & Claflin Ave",40.8692,-73.90121
"7113.08","East End Ave & E 86 St",40.775186,-73.944461
"3871.02","Eastern Pkwy & Brooklyn Ave",40.66939,-73.94514
"3919.07","Eastern Pkwy & Franklin Ave (NE Corner)",40.670777,-73.95768
"3919.12","Eastern Pkwy & Franklin Ave (SW Corner)",40.670529,-73.958222
"3902.06","Eastern Pkwy & Kingston Ave",40.66959,-73.94237
"3911.05","Eastern Pkwy & Nostrand Ave",40.66967,-73.9503
"3845.05","Eastern Pkwy & Ralph Ave",40.66852,-73.92284
"3853.02","Eastern Pkwy & Rochester Ave",40.66846,-73.9282
"3893.03","Eastern Pkwy & Schenectady Ave",40.66876,-73.93376
"3982.01","Eastern Pkwy & St Marks Ave",40.67319,-73.91083
"3862.07","Eastern Pkwy & Troy Ave",40.66929,-73.93679
"3928.08","Eastern Pkwy & Washington Ave",40.671649,-73.963115
"8379.06","Echo Pl & Grand Concourse",40.849955,-73.905943
"7915.11","Edgecombe Ave & W 141 St",40.820681,-73.945144
"7976.08","Edgecombe Ave & W 145 St",40.823498,-73.94386
"8049.05","Edgecombe Ave & W 150 St",40.826881,-73.941427
"8187.04","Edgecombe Ave & W 167 St",40.838191,-73.936085
"4399.03","Eldert St & Bushwick Ave",40.68652,-73.91321
"5248.05","Eliot Ave & 60 Ln",40.71391,-73.90299
"6240.05","Elmhurst Ave & Forley St",40.74615,-73.87763
"6314.02","Elmhurst Ave & Roosevelt Ave",40.74864,-73.87619
"4683.02","Emerson Pl & Myrtle Ave",40.693631,-73.962236
"3728.04","Empire Blvd & New York Ave",40.66403,-73.94769
"5473.03","Engert Ave & McGuinness Blvd",40.72158,-73.94546
"4873.08","Evergreen Ave & Noll St",40.70106,-73.93318
"6230.04","FDR Drive & E 35 St",40.744219,-73.971212
"7922.01","Faile St & Garrison Ave",40.820578,-73.888271
"8272.05","Fairmount Pl & Prospect Ave",40.843099,-73.889927
"5066.03","Fairview Ave & Linden St",40.70694,-73.90632
"8285.11","Featherbed Ln & Jerome Ave",40.845505,-73.914311
"8327.15","Featherbed Ln & Nelson Ave",40.846011,-73.919637
"3856.03","Flatbush Ave & Eastern Pkwy",40.668757,-73.966438
"3520.01","Flatbush Ave & Fenimore St",40.65798,-73.96051
"3593.1","Flatbush Ave & Lincoln Rd",40.66131,-73.96091
"3704.04","Flatbush Ave & Ocean Ave",40.663657,-73.963014
"4762.05","Flushing Ave & Vanderbilt Ave",40.69795,-73.970776
"5225.02","Flushing Ave & Woodward Ave",40.71246,-73.91873
"4798.02","Forest Ave & Summerfield St",40.69922,-73.89795
"6198.03","Forley St & Lamont Ave",40.74463,-73.87386
"5453.05","Forsyth St & Broome St",40.718939,-73.992663
"5270.07","Forsyth St & Canal St",40.715815,-73.994224
"5382.07","Forsyth St & Grand St",40.717798,-73.993161
"2335.08","Fort Hamilton Pkwy & 85 St",40.62095,-74.02388
"2190.08","Fort Hamilton Pkwy & 92 St",40.61717,-74.02744
"2118.13","Fort Hamilton Pkwy & 95 St",40.61466,-74.02946
"3280.04","Fort Hamilton Pkwy & E 2 St",40.648005,-73.979342
"3240.15","Fort Hamilton Pkwy & E 5 St",40.649037,-73.97673
"8320.01","Fort Washington Ave & W 173 St",40.84522,-73.940493
"8399.06","Fort Washington Ave & W 183 St",40.852252,-73.937854
"8496.01","Fort Washington Ave & W 190 St",40.856906,-73.935662
"8118.02","Franklin Ave & E 169 St",40.831706,-73.902086
"4715.01","Franklin Ave & Myrtle Ave",40.694546,-73.958014
"4410.02","Franklin Ave & Quincy St",40.68636,-73.95678
"4107.05","Franklin Ave & St Marks Ave",40.675832,-73.956168
"5944.01","Franklin St & Dupont St",40.73564,-73.95866
"5430.08","Franklin St & W Broadway",40.719116,-74.006667
"8100.01","Frederick Douglass Blvd & Harlem River Dr",40.830702,-73.936371
"7631.23","Frederick Douglass Blvd & W 112 St",40.801694,-73.957145
"7658.13","Frederick Douglass Blvd & W 115 St",40.803865,-73.955931
"7688.12","Frederick Douglass Blvd & W 117 St",40.805159,-73.954692
"7795.09","Frederick Douglass Blvd & W 129 St",40.812551,-73.949229
"7876.07","Frederick Douglass Blvd & W 139 St",40.819006,-73.944769
"7954.12","Frederick Douglass Blvd & W 145 St",40.823061,-73.941928
"8080.01","Freeman St & Reverend James A Polite Ave",40.830529,-73.894717
"8060.01","Freeman St & Southern Blvd",40.830051,-73.892103
"4945.06","Fresh Pond Rd & 69 Ave",40.70311,-73.89547
"5280.03","Fresh Pond Rd & Eliot Ave",40.71442,-73.90097
"5501.06","Fresh Pond Rd & Flushing Ave",40.72155,-73.90295
"4927.04","Front St & Gold St",40.70224,-73.982578
"4895.03","Front St & Jay St",40.702461,-73.986842
"4953.08","Front St & Pine St",40.70531,-74.00613
"4936.01","Front St & Washington St",40.702551,-73.989402
"5433.04","Frost St & Debevoise Ave",40.71882,-73.93948
"5371.07","Frost St & Meeker Ave",40.717662,-73.9488
"8084.03","Fulton Ave & E 168 St",40.830471,-73.904556
"8186.01","Fulton Ave & E 172 St",40.839229,-73.899047
"8152.03","Fulton Ave & St Paul's Pl",40.83545,-73.90153
"4637.06","Fulton St & Adams St",40.692418,-73.989495
"5175.08","Fulton St & Broadway",40.711066,-74.009447
"4386.05","Fulton St & Clermont Ave",40.684157,-73.969223
"4263.12","Fulton St & Irving Pl",40.68186,-73.959432
"4179.03","Fulton St & Saratoga Ave",40.67853,-73.91642
"4228.02","Fulton St & Utica Ave",40.679427,-73.929891
"4345.11","Fulton St & Waverly Ave",40.683239,-73.965996
"5137.11","Fulton St & William St",40.709601,-74.006551
"4120.02","Fulton St & Williams Ave",40.67709,-73.9008
"6072.16","Gansevoort St & Hudson St",40.739376,-74.005208
"3978.13","Garfield Pl & 8 Ave",40.671198,-73.974841
"7905.05","Garrison Ave & Manida St",40.818743,-73.890247
"4906.07","George St & Wilson Ave",40.702997,-73.92997
"7868.05","Gerard Ave & E 146 St",40.817755,-73.92965
"8077.07","Gerard Ave & E 164 St",40.830262,-73.923391
"8111.04","Gerard Ave & E 165 St",40.83173,-73.922394
"8145.03","Gerard Ave & McClellan St",40.833909,-73.92112
"8786.01","Giles Pl & Fort Independence St",40.87869,-73.89862
"6869.1","Gillmore St & 27 Ave",40.76399,-73.8669
"6869.10","Gillmore St & 27 Ave",40.76399,-73.8669
"6281.01","Gleane St & Britton Ave",40.74646,-73.87996
"8269.01","Goble Pl & Macombs Rd",40.844075,-73.917256
"5137.12","Gold St & Frankfort St",40.7107,-74.003541
"8738.01","Goulden Ave & Bedford Park Blvd",40.87387,-73.89533
"8707.01","Goulden Ave & W 197 St",40.87156,-73.89714
"8799.01","Goulden Ave & W 205 St",40.87812,-73.89192
"5291.05","Graham Ave & Conselyea St",40.715143,-73.944507
"5178.06","Graham Ave & Grand St",40.711863,-73.944024
"5403.05","Graham Ave & Herbert St",40.719293,-73.945004
"5403.04","Graham Ave & Withers St",40.716981,-73.944859
"6013.12","Gramercy Park N & Gramercy Park E",40.73795,-73.98509
"4010.15","Grand Army Plaza & Plaza St West",40.672968,-73.97088
"5369.01","Grand Ave & 55 St",40.71888,-73.91427
"5471.04","Grand Ave & 58 Ave",40.72098,-73.90701
"4190.06","Grand Ave & Bergen St",40.678045,-73.962408
"5570.04","Grand Ave & Remsen Pl",40.72353,-73.89967
"8500.01","Grand Ave & W 181 St",40.856302,-73.907302
"8571.02","Grand Ave & W Fordham Rd",40.86288,-73.90316
"7845.06","Grand Concourse & E 144 St",40.816576,-73.927987
"7984.04","Grand Concourse & E 156 St",40.823429,-73.924689
"8021.11","Grand Concourse & E 161 St",40.827134,-73.922736
"8057.02","Grand Concourse & E 164 St",40.829608,-73.921461
"8092.06","Grand Concourse & E 166 St",40.83196,-73.91956
"8126.07","Grand Concourse & E 167 St",40.834263,-73.917641
"8194.06","Grand Concourse & E 171 St",40.839549,-73.913004
"8303.06","Grand Concourse & E 175 St",40.846276,-73.909313
"8340.01","Grand Concourse & E 176 St",40.84761,-73.90745
"8456.05","Grand Concourse & E 181 St",40.85466,-73.9015
"8531.05","Grand Concourse & E 184 St",40.85941,-73.8985
"8601.04","Grand Concourse & E 192 St",40.86448,-73.89522
"8635.08","Grand Concourse & E 196 St",40.86767,-73.89286
"8667.01","Grand Concourse & E 197 St",40.86945,-73.89148
"8703.05","Grand Concourse & E 199 St",40.87142,-73.88839
"8734.04","Grand Concourse & E 203 St",40.87382,-73.88661
"8766.03","Grand Concourse & E 205 St",40.875531,-73.886386
"8795.03","Grand Concourse & E Mosholu Pkwy S",40.877964,-73.884755
"8265.09","Grand Concourse & E Mount Eden Ave",40.84301,-73.91172
"5382.06","Grand St & Elizabeth St",40.718822,-73.99596
"5500.02","Grand St & Greene St",40.7217,-74.002381
"5267.08","Grand St & Havemeyer St",40.712868,-73.956981
"5335.07","Grand St & Samuel Dickstein Plaza",40.715119,-73.984171
"5636.11","Great Jones St",40.727434,-73.99379
"5860.02","Green St & McGuinness Blvd",40.73396,-73.95204
"5106.04","Greene Ave & Grandview Ave",40.709697,-73.907856
"4784.02","Greene Ave & Myrtle Ave",40.698568,-73.918877
"4519.02","Greene Ave & Nostrand Ave",40.688334,-73.950916
"4510.04","Greene Ave & Throop Ave",40.689493,-73.942061
"5602.06","Greene St & Prince St",40.725117,-73.999305
"6134.03","Greenpoint Ave & 47 St",40.7424,-73.91808
"5785.05","Greenpoint Ave & Manhattan Ave",40.73026,-73.95394
"5851.01","Greenpoint Ave & Monitor St",40.73224,-73.94383
"5752.09","Greenpoint Ave & West St",40.729803,-73.959099
"6072.06","Greenwich Ave & 8 Ave",40.739017,-74.002638
"5914.08","Greenwich Ave & Charles St",40.735238,-74.000271
"5470.1","Greenwich St & Hubert St",40.721319,-74.010065
"5470.10","Greenwich St & Hubert St",40.721319,-74.010065
"5922.04","Greenwich St & Perry St",40.73498,-74.00697
"5073.07","Greenwich St & Rector St",40.708066,-74.01356
"5730.08","Greenwich St & W Houston St",40.728846,-74.008591
"3353.04","Greenwood Ave & E 4 St",40.650739,-73.977739
"4526.01","Grove St & Broadway",40.69047,-73.923511
"5168.04","Grove St & Fresh Pond Rd",40.71032,-73.89955
"4366.01","Halsey St & Broadway",40.68565,-73.91564
"4474.01","Halsey St & Evergreen Ave",40.68858,-73.91227
"4334.02","Halsey St & Ralph Ave",40.68494,-73.92299
"4319.07","Halsey St & Tompkins Ave",40.682369,-73.944118
"7959.18","Hamilton Pl & W 140 St",40.822756,-73.951346
"4255.05","Hancock St & Bedford Ave",40.682166,-73.95399
"4342.04","Hancock St & Malcolm X Blvd",40.68487,-73.9293
"4383.06","Hancock St & Stuyvesant Ave",40.68454,-73.9322
"4735.16","Hancock St & Wyckoff Ave",40.6972,-73.90674
"4395.07","Hanson Pl & Ashland Pl",40.685068,-73.977908
"8085.13","Harlem River Dr & W 155 St",40.830476,-73.939929
"5002.09","Harman St & Seneca Ave",40.70577,-73.91292
"5090.06","Harrison Pl & Porter Ave",40.70686,-73.92851
"5400.05","Harrison St & Hudson St",40.71871,-74.009001
"4971.01","Hart St & Wyckoff Ave",40.704876,-73.919911
"7032.06","Hazen St & 20 Ave",40.772092,-73.895166
"4531.05","Henry St & Atlantic Ave",40.690893,-73.996123
"3972.08","Henry St & Bay St",40.672506,-74.004947
"4380.08","Henry St & Degraw St",40.684751,-73.999173
"5294.04","Henry St & Grand St",40.714211,-73.981095
"4861.05","Henry St & Middagh St",40.7003,-73.991581
"4645.04","Henry St & Remsen St",40.69401,-73.994651
"4086.06","Henry St & W 9 St",40.676374,-74.00325
"4129.1","Herkimer St & Eastern Pkwy",40.67738,-73.90829
"4129.10","Herkimer St & Eastern Pkwy",40.67738,-73.90829
"4172.04","Herkimer St & New York Ave",40.67955,-73.94709
"4645.09","Hicks St & Montague St",40.695128,-73.995951
"8095.06","Hoe Ave & Jennings St",40.832171,-73.889686
"8020.01","Home St & Westchester Ave",40.827629,-73.886659
"5187.03","Hope St & Union Ave",40.711674,-73.951413
"5422.04","Howard St & Lafayette St",40.719105,-73.999733
"4330.09","Hoyt St & Warren St",40.684355,-73.989016
"6611.07","Hudson Blvd W & W 36 St",40.756765,-73.999714
"5470.13","Hudson St & N Moore St",40.719888,-74.008627
"5359.10","Hudson St & Reade St",40.71625,-74.009106
"5359.1","Hudson St & Reade St",40.71625,-74.009106
"6115.06","Hudson St & W 13 St",40.740057,-74.005274
"8369.08","Hughes Ave & Oak Tree Pl",40.85079,-73.88945
"8775.03","Hull Ave & E 209 St",40.87689,-73.87444
"8699.09","Hull Ave & E Mosholu Pkwy N",40.87115,-73.88035
"4956.02","Humboldt St & Varet St",40.703172,-73.940636
"7820.05","Hunts Point Ave & Bryant Ave",40.813991,-73.8855
"5869.04","Huron St & Franklin St",40.73266,-73.95826
"7514.06","Icahn Stadium Plaza",40.79322,-73.92396
"5826.02","India St & Manhattan Ave",40.732322,-73.955086
"5794.05","India St Pier",40.731735,-73.961239
"8044.09","Intervale Ave & Kelly St",40.827301,-73.896372
"7948.10","Intervale Ave & Westchester Ave",40.821967,-73.896752
"7948.1","Intervale Ave & Westchester Ave",40.821967,-73.896752
"8233.01","Inwood Ave & W 170 St",40.840536,-73.919228
"4898.02","Irving Ave & DeKalb Ave",40.7027,-73.92095
"4695.04","Irving Ave & Halsey St",40.69467,-73.90663
"4856.05","Irving Ave & Harman St",40.70108,-73.9179
"5051.02","Irving Ave & Jefferson St",40.70538,-73.92535
"4775.01","Irving Ave & Palmetto St",40.698,-73.9127
"8835.05","Irwin Ave & W 232 St",40.88227,-73.90809
"8665.09","Isham St & Broadway",40.86788,-73.919685
"6323.11","Ithaca St & Baxter Ave",40.74638,-73.88322
"6203.02","Jackson Ave & 46 Rd",40.745248,-73.947333
"6170.09","Jackson Ave & 49 Ave",40.74293,-73.952037
"6877.05","Jackson Mill Rd & 24 Ave",40.76619,-73.87561
"6701.05","Jackson Mill Rd & 93 St",40.75874,-73.87535
"5332.1","Jackson St & Leonard St",40.71638,-73.948213
"5332.10","Jackson St & Leonard St",40.71638,-73.948213
"4710.06","Jay St & Tech Pl",40.695065,-73.987167
"4895.09","Jay St & York St",40.701403,-73.986727
"4517.03","Jefferson Ave & Evergreen Ave",40.68989,-73.91458
"4375.02","Jefferson Ave & Patchen Ave",40.68609,-73.92628
"5082.08","Jefferson St & Cypress Ave",40.70907,-73.92157
"8061.01","Jerome Ave & Anderson Ave",40.830179,-73.928747
"8734.02","Jerome Ave & Bedford Park Blvd E",40.87307,-73.88971
"8096.02","Jerome Ave & E 164 St",40.831444,-73.926226
"8478.11","Jerome Ave & E 181 St",40.855653,-73.905528
"8720.02","Jerome Ave & E 198 St",40.871445,-73.892896
"8824.02","Jerome Ave & E Mosholu Pkwy N",40.88031,-73.88426
"8795.01","Jerome Ave & E Mosholu Pkwy S",40.87935,-73.88534
"8081.01","Jerome Ave & Ogden Ave",40.829797,-73.931015
"8362.09","Jerome Ave & W 177 St",40.850121,-73.910765
"8550.01","Jerome Ave & W 184 St",40.860814,-73.902541
"8619.02","Jerome Ave & W 193 St",40.86659,-73.89794
"8653.09","Jerome Ave & W 195 St",40.86874,-73.89657
"8586.09","Jerome Ave & W Fordham Rd",40.86294,-73.90108
"4668.08","Johnson St & Gold St",40.694749,-73.983625
"6207.06","Judge St & Britton Ave",40.74454,-73.88112
"4455.11","Kane St & Clinton St",40.686176,-73.996453
"3019.03","Keegan Rd & 2 Ave",40.642431,-74.025536
"5453.06","Kenmare St & Elizabeth St",40.72054,-73.9949
"5021.05","Kent Ave & Division Ave",40.706564,-73.968319
"5388.01","Kent Ave & Grand St",40.716425,-73.96594
"5348.06","Kent Ave & N 3 St",40.71798,-73.964273
"5348.06_old","Kent Ave & N 3 St",40.7188,-73.961
"5489.03","Kent Ave & N 7 St",40.720368,-73.961651
"5785.1","Kent St & McGuinness Blvd",40.73124,-73.95161
"5785.10","Kent St & McGuinness Blvd",40.73124,-73.95161
"5687.11","King St & Varick St",40.727897,-74.005363
"8772.06","Kingsbridge Terrace & W 230 St",40.87555,-73.90212
"5613.04","Kingsland Ave & Nassau Ave",40.72577,-73.94173
"3831.03","Kingston Ave & Carroll St",40.66688,-73.9425
"3648.08","Kingston Ave & E New York Ave",40.66219,-73.94293
"4205.06","Kingston Ave & Herkimer St",40.678907,-73.941428
"3759.07","Kingston Ave & Montgomery St",40.66481,-73.94269
"4016.03","Kingston Ave & Park Pl",40.67308,-73.94191
"4979.07","Knickerbocker Ave & George St",40.704425,-73.92836
"4623.02","Knickerbocker Ave & Halsey St",40.693,-73.90824
"4663.02","Knickerbocker Ave & Hancock St",40.69385,-73.90974
"4582.08","Knickerbocker Ave & Moffat St",40.690434,-73.903737
"5018.06","Knickerbocker Ave & Thames St",40.70539,-73.92976
"4519.04","Kosciuszko St & Nostrand Ave",40.690725,-73.951335
"4553.04","Kosciuszko St & Tompkins Ave",40.691283,-73.945242
"LA Metro Demo 1","LA Metro Demo 1",34.02335,-118.308974
"LA Metro Demo 2","LA Metro Demo 2",34.026214,-118.251578
"LA Metro Demo 3","LA Metro Demo 3",34.02618,-118.2515
"5721.14","LaGuardia Pl & W 3 St",40.72917,-73.998102
"Lab - NYC - Monolith","Lab - NYC - M",40.75418,-73.996466
"4528.03","Lafayette Ave & Franklin Ave",40.689271,-73.957324
"4470.09","Lafayette Ave & Ft Greene Pl",40.687002,-73.97665
"7883.06","Lafayette Ave & Hunts Point Ave",40.816567,-73.888161
"4494.04","Lafayette Ave & St James Pl",40.688515,-73.964763
"4576.11","Lafayette Ave & Stuyvesant Ave",40.691993,-73.93255
"5788.13","Lafayette St & E 8 St",40.730207,-73.991026
"5422.09","Lafayette St & Grand St",40.72028,-73.99879
"5561.06","Lafayette St & Jersey St",40.724561,-73.995653
"5539.06","Laight St & Hudson St",40.721854,-74.007718
"4596.09","Lawrence St & Willoughby St",40.692362,-73.986317
"5053.01","Lee Ave & Taylor St",40.706732,-73.961241
"3719.02","Lefferts Ave & Albany Ave",40.66288,-73.94019
"3710.07","Lefferts Ave & Schenectady Ave",40.66343,-73.93472
"4222.02","Lefferts Pl & Franklin Ave",40.680342,-73.955769
"7602.05","Lenox Ave & W 111 St",40.798786,-73.9523
"7627.10","Lenox Ave & W 115 St",40.801194,-73.950074
"7627.1","Lenox Ave & W 115 St",40.801194,-73.950074
"7655.22","Lenox Ave & W 117 St",40.802557,-73.949078
"7720.03","Lenox Ave & W 126 St",40.808442,-73.945209
"7753.13","Lenox Ave & W 130 St",40.810792,-73.943068
"7790.04","Lenox Ave & W 133 St",40.81296,-73.941878
"7872.03","Lenox Ave & W 140 St",40.817245,-73.938787
"7910.01","Lenox Ave & W 144 St",40.819783,-73.936521
"7910.10","Lenox Ave & W 146 St",40.821111,-73.935971
"7910.1","Lenox Ave & W 146 St",40.821111,-73.935971
"3495.08","Lenox Rd & E 43 St",40.65496,-73.93765
"5036.06","Leonard St & Boerum St",40.705833,-73.946446
"5359.11","Leonard St & Church St",40.717571,-74.005549
"5148.03","Leonard St & Maujer St",40.710369,-73.94706
"5550.09","Leonard St & Nassau Ave",40.723957,-73.949844
"4237.01","Lewis Ave & Decatur St",40.68146,-73.934903
"4196.01","Lewis Ave & Fulton St",40.67972,-73.93467
"4543.07","Lewis Ave & Greene Ave",40.68995,-73.9365
"4617.01","Lewis Ave & Kosciuszko St",40.692371,-73.937054
"4425.02","Lewis Ave & Madison St",40.686312,-73.935775
"4452.03","Lexington Ave & Classon Ave",40.686768,-73.959282
"7567.06","Lexington Ave & E 111 St",40.795412,-73.944123
"7652.04","Lexington Ave & E 120 St",40.801307,-73.939817
"7662.13","Lexington Ave & E 127 St",40.805726,-73.936322
"7716.19","Lexington Ave & E 128 St",40.806414,-73.936085
"6089.07","Lexington Ave & E 24 St",40.740259,-73.984092
"6089.08","Lexington Ave & E 26 St",40.741459,-73.983293
"6164.09","Lexington Ave & E 29 St",40.743116,-73.982154
"6313.1","Lexington Ave & E 36 St",40.747574,-73.978801
"6313.10","Lexington Ave & E 36 St",40.747574,-73.978801
"4534.06","Lexington Ave & Patchen Ave",40.6904,-73.9277
"4500.07","Lexington Ave & Stuyvesant Ave",40.68973,-73.93353
"5105.01","Liberty St & Broadway",40.709056,-74.010434
"5105.09","Liberty St & Nassau St",40.708589,-74.009355
"7712.06","Lincoln Ave & E 134 St",40.808484,-73.928803
"7744.06","Lincoln Ave & E 138 St",40.810893,-73.927311
"3960.01","Lincoln Pl & Classon Ave",40.672168,-73.9609
"3952.07","Lincoln Pl & Nostrand Ave",40.67077,-73.9507
"3633.08","Lincoln Rd & Ocean Ave",40.6605,-73.9626
"3359.03","Linden Blvd & Nostrand Ave",40.65272,-73.94994
"4743.04","Linden St & Knickerbocker Ave",40.69714,-73.91566
"5391.06","Lispenard St & Broadway",40.719392,-74.002472
"5001.08","Little West St & 1 Pl",40.705693,-74.016777
"7983.02","Longfellow Ave & Aldus St",40.823194,-73.887629
"7983.04","Longfellow Ave & E 165 St",40.825322,-73.887729
"7849.10","Longwood Ave & Southern Blvd",40.816343,-73.896447
"7849.1","Longwood Ave & Southern Blvd",40.816343,-73.896447
"4965.01","Lorimer St & Broadway",40.704118,-73.948186
"5709.04","Lorimer St & Calyer St",40.72795,-73.95414
"4892.02","Lorimer St & Harrison Ave",40.702726,-73.94984
"8555.05","Loring Pl North & W 183 St",40.860424,-73.909336
"3327.01","Lott St & Erasmus St",40.64949,-73.95408
"8114.02","Louis Nine Blvd & Intervale Ave",40.831998,-73.892686
"4301.07","MacDonough St & Malcolm X Blvd",40.68273,-73.92926
"4246.02","MacDonough St & Marcy Ave",40.68078,-73.94613
"5687.04","MacDougal St & Prince St",40.727103,-74.002971
"4212.01","MacDougal St & Rockaway Ave",40.68018,-73.91136
"5797.01","MacDougal St & Washington Sq",40.732264,-73.998522
"8029.28","Macombs Pl & W 152 St",40.826406,-73.937948
"8307.05","Macombs Rd & Featherbed Ln",40.84552,-73.91722
"8344.04","Macombs Rd & W 175 St",40.848177,-73.916082
"4408.07","Macon St & Howard Ave",40.68452,-73.92011
"4310.06","Macon St & Lewis Ave",40.68282,-73.93488
"4214.03","Macon St & Nostrand Ave",40.680983,-73.950048
"4301.04","Macon St & Patchen Ave",40.68374,-73.9261
"7667.04","Madison Ave & E 120 St",40.80295,-73.942954
"6131.12","Madison Ave & E 26 St",40.742685,-73.986713
"6659.09","Madison Ave & E 51 St",40.75863,-73.97513
"7188.13","Madison Ave & E 82 St",40.778131,-73.960694
"7443.01","Madison Ave & E 99 St",40.789485,-73.952429
"5190.07","Madison St & Clinton St",40.71269,-73.987763
"4807.02","Madison St & Cypress Ave",40.70068,-73.90742
"4560.01","Madison St & Evergreen Ave",40.69122,-73.91693
"5025.02","Madison St & Forest Ave",40.70555,-73.90245
"4416.10","Madison St & Malcolm X Blvd",40.68713,-73.93008
"4416.1","Madison St & Malcolm X Blvd",40.68713,-73.93008
"5262.09","Madison St & Montgomery St",40.713126,-73.984844
"4880.11","Madison St & Seneca Ave",40.70183,-73.90625
"4954.07","Madison St & Woodward Ave",40.70408,-73.90408
"5065.1","Maiden Ln & Pearl St",40.707065,-74.007319
"5065.10","Maiden Ln & Pearl St",40.707065,-74.007319
"4936.21","Main St & Plymouth St",40.703782,-73.990734
"4648.03","Malcolm X Blvd & DeKalb Ave",40.6938,-73.93114
"5219.05","Manhattan Ave & Devoe St",40.713532,-73.945987
"5442.09","Manhattan Ave & Leonard St",40.72084,-73.94844
"3608.06","Maple St & Albany Ave",40.66155,-73.93974
"3593.01","Maple St & Flatbush Ave",40.66026,-73.96045
"3617.02","Maple St & New York Ave",40.66104,-73.94795
"8745.01","Marble Hill Ave & W 225 St",40.87471,-73.91099
"8776.02","Marble Hill Ave & W 227 St",40.87655,-73.90941
"4278.03","Marcus Garvey Blvd & Macon St",40.682601,-73.938037
"4401.04","Marcy Ave & Gates Ave",40.686679,-73.947417
"4593.05","Marcy Ave & Hart St",40.693022,-73.94868
"4476.03","Marcy Ave & Lafayette Ave",40.690081,-73.947915
"4933.03","Marcy Ave & Lynch St",40.702753,-73.953168
"4933.04","Marcy Ave & Rutledge St",40.703681,-73.95427
"8532.03","Margaret Corbin Plz & Ft Washington Ave",40.859166,-73.933872
"8699.01","Marion Ave & Mosholu Pkwy",40.870496,-73.881876
"5198.04","Market St & Cherry St",40.710762,-73.994004
"5270.09","Market St & Henry St",40.713107,-73.994464
"6138.02","Martense Ave & 108 St",40.74214,-73.85418
"3034.02","Matthews Ct & Coney Island Ave",40.64235,-73.96951
"5731.03","Maurice Ave & 53 Dr",40.73028,-73.90421
"3394.03","McDonald Ave & Vanderbilt St",40.651654,-73.981231
"5977.01","McGuinness Blvd & Eagle St",40.73555,-73.95284
"3776.1","McKeever Pl & Sullivan Pl",40.664323,-73.959218
"3776.10","McKeever Pl & Sullivan Pl",40.664323,-73.959218
"5059.02","McKibbin St & Bogart St",40.706237,-73.933871
"4996.08","McKibbin St & Manhattan Ave",40.705109,-73.944073
"7879.01","Melrose Ave & E 150 St",40.816827,-73.917338
"7918.12","Melrose Ave & E 154 St",40.819609,-73.916071
"4801.04","Melrose St & Broadway",40.697481,-73.935877
"4672.01","Menahan St & Central Ave",40.69543,-73.9196
"5034.03","Menahan St & Onderdonk Ave",40.70553,-73.9096
"4963.13","Menahan St & Seneca Ave",40.70461,-73.91054
"4890.11","Menahan St & Wyckoff Ave",40.70113,-73.91422
"5679.05","Mercer St & Bleecker St",40.727064,-73.996621
"5532.01","Mercer St & Spring St",40.723627,-73.999496
"5666.04","Meserole Ave & Manhattan Ave",40.727086,-73.952991
"5160.01","Metropolitan Ave & 65 Ln",40.71225,-73.89111
"5308.04","Metropolitan Ave & Bedford Ave",40.715348,-73.960241
"5308.04_","Metropolitan Ave & Bedford Ave ",40.715348,-73.960241
"5225.04","Metropolitan Ave & Flushing Ave",40.71334,-73.91572
"5300.05","Metropolitan Ave & Meeker Ave",40.714133,-73.952344
"5273.01","Metropolitan Ave & Stewart Ave",40.71401,-73.92793
"5241.02","Metropolitan Ave & Vandervoort Ave",40.71429,-73.93323
"6515.01","Mets Plaza at Citi Field",40.75521,-73.84672
"5752.07","Milton St & Franklin St",40.72906,-73.95779
"4357.01","Moffat St & Bushwick",40.68458,-73.90925
"5473.06","Monitor St & Meeker Ave",40.721226,-73.941845
"4368.05","Monroe St & Bedford Ave",40.685144,-73.953809
"4336.01","Monroe St & Classon Ave",40.684568,-73.958811
"4467.03","Monroe St & Marcus Garvey Blvd",40.686722,-73.938988
"4491.09","Monroe St & Patchen Ave",40.68814,-73.92693
"4434.06","Monroe St & Tompkins Ave",40.686203,-73.944694
"4677.06","Montague St & Clinton St",40.694271,-73.992327
"4718.11","Montague St & Hicks St",40.695224,-73.995989
"3776.05","Montgomery St & Franklin Ave",40.666439,-73.960556
"5068.02","Montrose Ave & Bushwick Ave",40.707678,-73.940162
"5503.01","Morgan Ave & Lombardy St",40.72226,-73.93889
"5354.01","Morgan Ave & Maspeth Ave",40.716657,-73.93637
"SYS016","Morgan Bike Mechanics",40.709628,-73.931457
"1234.56","Morgan HCT Charging",40.708948,-73.932777
"SYS038","Morgan Loading Docks",40.709306,-73.931175
"7741.01","Morningside Ave & W 123 St",40.81,-73.955151
"7741.04","Morningside Dr & Amsterdam Ave",40.810285,-73.957365
"7821.01","Morris Ave & E 142 St",40.814469,-73.924963
"7901.04","Morris Ave & E 153 St",40.820036,-73.921411
"8036.05","Morris Ave & E 163 St",40.82723,-73.917656
"8209.01","Morris Ave & E 171 St",40.83899,-73.9109
"8441.01","Morris Ave & E Burnside Ave",40.85322,-73.90546
"8107.1","Morris Ave & McClellan St",40.831584,-73.9149
"8107.10","Morris Ave & McClellan St",40.831584,-73.9149
"5772.05","Morton St & Greenwich St",40.73115,-74.00887
"6814.01","Motorgate",40.763909,-73.947721
"5561.04","Mott St & Prince St",40.72318,-73.9948
"8245.03","Mount Eden Pkwy & Eastburn Ave",40.842675,-73.908544
"7685.14","Mt Morris Park W & W 120 St",40.804038,-73.945925
"5288.12","Murray St & Greenwich St",40.714852,-74.011223
"5329.08","Murray St & West St",40.71503,-74.01246
"4862.04","Myrtle Ave & 65 St",40.70117,-73.8904
"4628.07","Myrtle Ave & Fleet Pl",40.693534,-73.981909
"4816.05","Myrtle Ave & Grove St",40.69905,-73.91516
"4729.01","Myrtle Ave & Lewis Ave",40.69682,-73.937569
"4816.02","Myrtle Ave & Linden St",40.69943,-73.91337
"4707.03","Myrtle Ave & Marcy Ave",40.695398,-73.949549
"4659.02","Myrtle Ave & St Edwards St",40.69327,-73.977039
"5450.01","N 10 St & Berry St",40.720253,-73.957082
"5489.04","N 11 St & Kent Ave",40.722482,-73.959219
"5450.04","N 12 St & Bedford Ave",40.720798,-73.954847
"5520.09","N 15 St & Wythe Ave",40.724055,-73.955736
"5458.02","N 5 St & Northside Piers",40.719876,-73.963865
"5419.04","N 5 St & Wythe Ave",40.718389,-73.961501
"5379.10","N 6 St & Bedford Ave",40.717452,-73.958509
"5379.1","N 6 St & Bedford Ave",40.717452,-73.958509
"5340.01","N 7 St & Driggs Ave",40.716967,-73.956388
"5489.06","N 9 St & Wythe Ave",40.72054,-73.959
"5656.03","N Henry St & Norman Ave",40.7277,-73.94395
"4771.07","N Portland Ave & Flushing Ave",40.697926,-73.97663
"8528.05","Nagle Ave & Ellwood St",40.86012,-73.928489
"8563.06","Nagle Ave & Thayer St",40.861382,-73.925591
"8819.05","Naples Terrace & Godwin Terrace",40.87995,-73.90536
"2803.04","Narrows Ave & MacKay Pl",40.63692,-74.03449
"5623.03","Nassau Ave & Newell St",40.724813,-73.947526
"5581.01","Nassau Ave & Russell St",40.72557,-73.94434
"4781.05","Nassau St & Duffield St",40.698477,-73.98384
"4812.02","Nassau St & Navy St",40.698399,-73.980689
"6264.06","National St & 45 Ave",40.74582,-73.86433
"8183.08","Nelson Ave & 167 St",40.836706,-73.926089
"8290.01","Nelson Ave & W 172 St",40.843965,-73.920999
"4437.09","Nevins St & Schermerhorn St",40.687372,-73.981761
"3184.07","New Utrecht Ave & 9 Ave",40.646249,-73.994526
"3504.02","New York Ave & Hawthorne St",40.65794,-73.94735
"3431.02","New York Ave & Lenox Rd",40.65458,-73.94716
"3728.05","New York Ave & Montgomery St",40.66509,-73.94824
"3246.06","New York Ave & Snyder Ave",40.64868,-73.94635
"4098.06","New York Ave & St Marks Ave",40.67514,-73.94716
"6743.06","Newton Rd & 44 St",40.75957,-73.914268
"7026.08","Newtown Ave & 23 St",40.771362,-73.924615
"5374.01","Norfolk St & Broome St",40.717227,-73.988021
"5666.11","Norman Ave & Leonard St",40.725819,-73.950815
"4654.01","Norman St & Wyckoff Ave",40.69517,-73.90311
"5470.12","North Moore St & Greenwich St",40.720195,-74.010301
"4818.02","Nostrand Ave & Flushing Ave",40.69928,-73.953259
"4707.04","Nostrand Ave & Myrtle Ave",40.69527,-73.952381
"3585.06","Nostrand Ave & Rutland Rd",40.6595,-73.95041
"3408.05","Ocean Ave & Crooke Ave",40.65326,-73.96172
"3223.07","Ocean Ave & Tennis Ct",40.64873,-73.96084
"2996.05","Ocean Pkwy & Ave C",40.64078,-73.97395
"3125.09","Ocean Pkwy & Church Ave",40.644719,-73.974515
"8218.04","Ogden Ave & Merriam Ave",40.839142,-73.925961
"8115.01","Ogden Ave & W 164 St",40.832812,-73.929372
"8149.09","Ogden Ave & W 165 St",40.834457,-73.928381
"7881.09","Old Broadway & W 133 St",40.818212,-73.955277
"4903.08","Old Fulton St",40.702772,-73.993836
"4993.13","Old Slip & South St",40.703367,-74.007868
"5115.01","Onderdonk Ave & Dekalb Ave",40.70863,-73.91497
"4994.10","Onderdonk Ave & Gates Ave",40.70413,-73.90737
"4994.1","Onderdonk Ave & Gates Ave",40.70413,-73.90737
"5343.11","Orchard St & Grand St",40.717318,-73.990678
"2793.07","Ovington Ave & 3 Ave",40.63487,-74.02625
"4148.07","Pacific St & Classon Ave",40.679194,-73.95879
"4362.04","Pacific St & Nevins St",40.685376,-73.983021
"4140.03","Pacific St & Nostrand Ave",40.6776,-73.94963
"4105.01","Pacific St & Ralph Ave",40.67607,-73.92171
"4113.01","Pacific St & Rochester Ave",40.67639,-73.92748
"4014.01","Pacific St & Sackman St",40.67522,-73.9061
"4446.03","Pacific St & Smith St",40.687881,-73.989393
"4023.05","Pacific St & Thomas S. Boyland St",40.67568,-73.91396
"4122.03","Pacific St & Troy Ave",40.67686,-73.93607
"4154.02","Pacific St & Utica Ave",40.6767,-73.93051
"5409.02","Page Pl & Grand Ave",40.71798,-73.91818
"5129.01","Palmetto St & Traffic Ave",40.70929,-73.89441
"3376.02","Parade Pl & Crooke Ave",40.651847,-73.965248
"7682.01","Park Ave & E 124 St",40.804555,-73.939686
"8016.07","Park Ave & E 162 St",40.825716,-73.915585
"8374.02","Park Ave & E 179 St",40.85014,-73.89818
"6432.15","Park Ave & E 40 St",40.75112,-73.97851
"6432.08","Park Ave & E 41 St",40.751581,-73.97791
"6432.09","Park Ave & E 42 St",40.751873,-73.977706
"8335.02","Park Ave & E Tremont Ave",40.84731,-73.89981
"4768.02","Park Ave & Marcus Garvey Blvd",40.698617,-73.941342
"4778.03","Park Ave & Marcy Ave",40.697576,-73.948881
"4700.06","Park Ave & St Edwards St",40.696089,-73.978034
"3344.02","Park Circle & East Dr",40.651566,-73.972212
"3999.06","Park Pl & Buffalo Ave",40.67202,-73.92539
"4125.13","Park Pl & Carlton Ave",40.677358,-73.97211
"5288.08","Park Pl & Church St",40.713342,-74.009355
"3950.03","Park Pl & Thomas S. Boyland St",40.67154,-73.91433
"3966.03","Park Pl & Utica Ave",40.67242,-73.93094
"4083.13","Park Pl & Vanderbilt Ave",40.6767,-73.969024
"3480.04","Parkside Ave & Flatbush Ave",40.65563,-73.95968
"3448.02","Parkside Ave & Ocean Ave",40.65485,-73.96217
"3376.04","Parkside Ave & Parade Pl",40.6532,-73.96639
"4261.03","Patchen Ave & Bainbridge St",40.68143,-73.92565
"8811.01","Paul Ave & Mosholu Pkwy",40.880295,-73.886065
"8782.01","Paul Ave & W 205 St",40.87704,-73.88943
"4993.02","Pearl St & Hanover Square",40.704718,-74.00926
"4962.09","Pearl St & Whitehall St",40.703144,-74.013178
"4895.15","Pearl St & York St",40.701405,-73.98768
"5096.12","Peck Slip & South St",40.707519,-74.001081
"8731.09","Perry Ave & E 204 St",40.87318,-73.87856
"5922.07","Perry St & Bleecker St",40.735354,-74.004831
"5955.12","Perry St & Greenwich Ave",40.735918,-74.000939
"4374.01","Picnic Point",40.685126,-74.025353
"5696.03","Pier 40 - Hudson River Park",40.727714,-74.011296
"SYS033","Pier 40 X2",40.728487,-74.011693
"6233.04","Pier 61 at Chelsea Piers",40.746872,-74.00821
"4718.08","Pierrepont St & Monroe Pl",40.695357,-73.99344
"5270.05","Pike St & E Broadway",40.714067,-73.992939
"5159.04","Pike St & Monroe St",40.711731,-73.99193
"8458.03","Pinehurst Ave & W 187 St",40.855331,-73.937878
"4128.08","Pioneer St & Richards St",40.677775,-74.009461
"4169.04","Pioneer St & Van Brunt St",40.679043,-74.011169
"3877.04","Pitkin Ave & Grafton St",40.66852,-73.91908
"5406.04","Pitt St & Stanton St",40.719261,-73.98178
"8213.01","Plaza Dr & W 170 St",40.840484,-73.917946
"4010.01","Plaza St East & Flatbush Ave",40.673134,-73.969106
"4010.13","Plaza St West & Flatbush Ave",40.675021,-73.971115
"7540.05","Pleasant Ave & E 116 St",40.79499,-73.93333
"7579.01","Pleasant Ave & E 120 St",40.797477,-73.931185
"8348.02","Popham Ave & W 174 St",40.847746,-73.922079
"5210.01","Powers St & Olive St",40.71323,-73.93894
"4101.17","President St & 4 Ave",40.676757,-73.983262
"4307.13","President St & Henry St",40.6828,-73.999904
"4184.08","President St & Hoyt St",40.680057,-73.991753
"3839.02","President St & Nostrand Ave",40.66811,-73.9505
"7830.03","Prospect Ave & E 151 St",40.814232,-73.903927
"8008.03","Prospect Ave & E 167 St",40.826303,-73.898751
"3312.07","Prospect Ave & Greenwood Ave",40.651745,-73.975988
"8099.04","Prospect Ave & Jennings St",40.831762,-73.896853
"7870.02","Prospect Ave & Longwood Ave",40.81899,-73.90202
"3426.02","Prospect Ave & Vanderbilt St",40.653368,-73.976291
"3611.02","Prospect Park SW & 10 Ave",40.659945,-73.977504
"3498.09","Prospect Park SW & 16 St",40.657265,-73.974165
"3385.06","Prospect Park SW & Greenwood Ave",40.652563,-73.972573
"3457.03","Prospect Park SW & Vanderbilt St",40.65482,-73.973217
"3507.04","Prospect Park W & 20 St",40.656633,-73.983864
"3722.04","Prospect Park West & 8 St",40.665147,-73.976376
"4166.08","Prospect Pl & 6 Ave",40.679331,-73.975195
"3991.04","Prospect Pl & Howard Ave",40.67261,-73.91977
"4025.02","Prospect Pl & Nostrand Ave",40.67428,-73.9503
"4116.08","Prospect Pl & Underhill Ave",40.676969,-73.96579
"4157.15","Prospect Pl & Vanderbilt Ave",40.677675,-73.969021
"4656.03","Pulaski St & Marcus Garvey Blvd",40.693398,-73.939877
"4625.01","Pulaski St & Throop Ave",40.693115,-73.943149
"4663.06","Putnam Ave & Knickerbocker Ave",40.69545,-73.91164
"4327.09","Putnam Ave & Nostrand Ave",40.68402,-73.94977
"4450.06","Putnam Ave & Ralph Ave",40.68705,-73.92338
"4392.04","Putnam Ave & Throop Ave",40.685153,-73.94111
"4735.03","Putnam Ave & Wyckoff Ave",40.69811,-73.90904
"5887.03","Queens Blvd & 56 Ave",40.73481,-73.87431
"6158.02","Queens Blvd & 56 St",40.74193,-73.90913
"6056.02","Queens Blvd & Albion Ave",40.73856,-73.88553
"5930.02","Queens Blvd & Broadway",40.73672,-73.87728
"6429.01","Queens Plaza North & Crescent St",40.751102,-73.940737
"4990.02","Railroad Ave & Kay Ave",40.705148,-73.970781
"4220.02","Ralph Ave & Fulton St",40.67922,-73.92192
"5247.10","Reade St & Broadway",40.714505,-74.005628
"5247.1","Reade St & Broadway",40.714505,-74.005628
"8763.08","Reservoir Oval E & Bainbridge Ave",40.87634,-73.87902
"5883.08","Review Ave & Greenpoint Ave",40.734247,-73.937768
"4202.04","Richards St & Delavan St",40.679433,-74.00785
"5433.03","Richardson St & N Henry St",40.719079,-73.942237
"2463.04","Ridge Blvd & 82 St",40.62711,-74.0326
"2345.04","Ridge Blvd & 89 St",40.62194,-74.03477
"7967.04","River Ave & E 151 St",40.822217,-73.928939
"8005.08","River Ave & E 153 St",40.82441,-73.92818
"8111.07","River Ave & McClellan St",40.83406,-73.92243
"5368.03","River Ter & Warren St",40.717599,-74.01588
"7183.03","Riverside Blvd & W 67 St",40.777507,-73.988886
"8616.06","Riverside Dr & Broadway",40.865364,-73.92791
"7623.13","Riverside Dr & W 104 St",40.801343,-73.971146
"7942.21","Riverside Dr & W 138 St",40.823168,-73.955857
"8018.04","Riverside Dr & W 145 St",40.827305,-73.951989
"8054.04","Riverside Dr & W 148 St",40.829114,-73.950426
"8108.02","Riverside Dr & W 153 St",40.832164,-73.949702
"7288.04","Riverside Dr & W 72 St",40.780578,-73.985624
"7340.06","Riverside Dr & W 78 St",40.784145,-73.983625
"7388.1","Riverside Dr & W 82 St",40.787209,-73.981281
"7388.10","Riverside Dr & W 82 St",40.787209,-73.981281
"7524.16","Riverside Dr & W 91 St",40.793135,-73.977004
"8142.03","Riverside Dr E & W 155 St",40.834098,-73.94835
"5453.01","Rivington St & Chrystie St",40.721101,-73.991925
"5406.02","Rivington St & Ridge St",40.718502,-73.983299
"4285.09","Rockaway Ave & Bainbridge St",40.6832,-73.911666
"5267.09","Roebling St & N 4 St",40.71469,-73.95739
"3400.04","Rogers Ave & Lenox Rd",40.653781,-73.952722
"3625.07","Rogers Ave & Lincoln Rd",40.66127,-73.95352
"3286.07","Rogers Ave & Snyder Ave",40.648711,-73.952161
"3696.05","Rogers Ave & Sterling St",40.663062,-73.953875
"7987.14","Rogers Pl & E 165 St",40.823884,-73.897403
"6414.07","Roosevelt Ave & 104 St",40.74984,-73.86156
"6599.01","Roosevelt Island Tramway",40.757284,-73.9536
"3188.04","Rugby Rd & Albemarle Rd",40.64672,-73.96637
"3113.06","Rugby Rd & Beverley Rd",40.64435,-73.96591
"5230.02","Rutgers St & Henry St",40.713322,-73.990097
"3576.1","Rutland Rd & Brooklyn Ave",40.65969,-73.94517
"3567.05","Rutland Rd & E 45 St",40.66034,-73.93618
"5276.04","S 2 St & Kent Ave",40.714731,-73.966612
"5235.05","S 3 St & Bedford Ave",40.712605,-73.962644
"5156.05","S 4 St & Rodney St",40.70934,-73.95608
"5195.06","S 4 St & Roebling St",40.710709,-73.959724
"5204.05","S 4 St & Wythe Ave",40.712859,-73.965903
"5125.03","S 5 Pl & S 5 St",40.710451,-73.960876
"4354.05","S Portland Ave & Hanson Pl",40.685396,-73.974315
"4821.03","Sands St & Jay St",40.700119,-73.9862
"4812.04","Sands St Gate",40.699569,-73.979827
"3155.01","Schenectady Ave & Cortelyou Rd",40.64535,-73.93268
"3639.04","Schenectady Ave & Maple St",40.66178,-73.93445
"4080.01","Schenectady Ave & Pacific St",40.67686,-73.93327
"3822.08","Schenectady Ave & President St",40.66732,-73.93398
"4007.01","Schenectady Ave & Prospect Pl",40.67351,-73.93363
"4565.07","Schermerhorn St & Court St",40.691036,-73.992011
"4479.10","Schermerhorn St & Hoyt St",40.688626,-73.985191
"4479.1","Schermerhorn St & Hoyt St",40.688626,-73.985191
"5076.04","Scholes St & Lorimer St",40.708323,-73.948732
"5108.01","Scholes St & Manhattan Ave",40.708704,-73.944862
"8650.11","Seaman Ave & Beak St",40.867505,-73.926363
"8665.02","Seaman Ave & Isham St",40.869899,-73.920763
"8815.01","Sedgwick Ave & Giles Pl",40.88111,-73.8965
"8539.02","Sedgwick Ave & Hall of Fame Terrace",40.859532,-73.913303
"8828.02","Sedgwick Ave & Hillman Ave",40.88224,-73.89136
"8692.04","Sedgwick Ave & W 195 St",40.87049,-73.90287
"8756.07","Sedgwick Ave & W 231 St",40.87512,-73.90126
"8465.01","Sedgwick Ave & W Burnside Ave",40.854947,-73.916661
"8428.05","Sedgwick Ave & W Tremont Ave",40.853045,-73.918306
"4956.09","Seigel St & Humboldt St",40.704613,-73.940865
"4757.06","Seneca Ave & Decatur St",40.69723,-73.89811
"7883.09","Seneca Ave & Irvine St",40.818726,-73.888625
"7883.1","Seneca Ave & Irvine St",40.81885,-73.88821
"7883.10","Seneca Ave & Irvine St",40.81885,-73.88821
"8198.05","Shakespeare Ave & W 169 St",40.839312,-73.922423
"5323.06","Sharon St & Olive St",40.715342,-73.938651
"6633.01","Shea Rd & Boat Basin Pl",40.75777,-73.84887
"8160.03","Sheridan Ave & E 168 St",40.835334,-73.9154
"8229.04","Sheridan Ave & E 172 St",40.840494,-73.911479
"8072.06","Sherman Ave & E 166 St",40.831305,-73.917448
"8583.02","Sherman Ave & Thayer St",40.863124,-73.926994
"Shop Morgan ","Shop Morgan",40.709873,-73.931594
"7271.01","Shore Blvd & Astoria Park",40.77977,-73.923162
"2942.07","Shore Pkwy Greenway & Bay Ridge Ave",40.63896,-74.03678
"2009.04","Shore Rd & 4 Ave",40.6115,-74.03513
"2717.06","Shore Rd & 74 St",40.63414,-74.03699
"2635.08","Shore Rd & 80 St",40.63074,-74.03962
"2472.02","Shore Rd & 86 St",40.62561,-74.04079
"2127.03","Shore Rd & 97 St",40.61529,-74.03779
"2240.06","Shore Rd & Oliver St",40.61919,-74.0402
"3940.04","Sigourney St & Columbia St",40.672672,-74.008795
"6300.04","Skillman Ave & 43 Ave",40.746538,-73.932158
"6276.05","Skillman Ave & 54 St",40.745502,-73.909887
"6334.03","Skillman Ave & Honeywell St",40.747148,-73.929024
"4151.01","Smith St & 3 St",40.678724,-73.995991
"4077.04","Smith St & 9 St",40.674696,-73.997858
"3300.06","Snyder Ave & Schenectady Ave",40.65,-73.93296
"4631.02","Soissons Landing",40.692566,-74.015936
"4590.01","Soissons Landing",40.692317,-74.014866
"4203.04","Somers St & Broadway",40.67945,-73.90474
"4170.08","Somers St & Rockaway Ave",40.67872,-73.91105
"5114.08","South End Ave & Albany St",40.709957,-74.016538
"6090.03","South Railroad Ave & Broadway",40.741,-73.88027
"4920.13","South St & Broad St",40.701889,-74.010899
"4953.04","South St & Gouverneur Ln",40.703554,-74.006702
"5159.07","South St & Pike St",40.709918,-73.991611
"4846.01","South St & Whitehall St",40.701221,-74.012342
"7767.06","Southern Blvd & Ave St John",40.812769,-73.901583
"7719.13","Southern Blvd & E 142 St",40.807347,-73.908098
"7788.13","Southern Blvd & E 149 St",40.811892,-73.904192
"8129.02","Southern Blvd & E 172 St",40.834124,-73.88955
"8163.05","Southern Blvd & E 174 St",40.836733,-73.887931
"8196.02","Southern Blvd & E 175 St",40.839335,-73.886445
"8325.08","Southern Blvd & E 180 St",40.84605,-73.88426
"8427.05","Southern Blvd & E 187 St",40.8535,-73.88177
"7867.04","Southern Blvd & Tiffany St",40.818185,-73.894143
"8558.01","Southern Blvd & Xavier Way",40.86149,-73.88103
"6566.01","Southpoint Park",40.753702,-73.958652
"5653.12","Spring St & Hudson St",40.72584,-74.007653
"5137.1","Spruce St & Nassau St",40.711464,-74.005524
"5137.10","Spruce St & Nassau St",40.711464,-74.005524
"7657.03","St Ann's Ave & Bruckner Blvd",40.803399,-73.919763
"7755.03","St Ann's Ave & E 144 St",40.811112,-73.914932
"7835.10","St Ann's Ave & Westchester Ave",40.815887,-73.911918
"7835.1","St Ann's Ave & Westchester Ave",40.815887,-73.911918
"4719.04","St Felix Ave & 61 St",40.69715,-73.8936
"6014.01","St James Ave & 51 Ave",40.73813,-73.88104
"5238.05","St James Pl & Oliver St",40.713079,-73.998512
"5167.06","St James Pl & Pearl St",40.711174,-74.000165
"3917.03","St Johns Pl & Howard Ave",40.66992,-73.92002
"3943.03","St Johns Pl & Kingston Ave",40.67113,-73.94222
"3966.01","St Johns Pl & Utica Ave",40.6705,-73.9308
"4001.09","St Johns Pl & Washington Ave",40.673724,-73.963161
"4031.05","St Marks Ave & Ralph Ave",40.67372,-73.92199
"4039.04","St Marks Ave & Rochester Ave",40.67404,-73.92772
"4023.01","St Marks Ave & Thomas S. Boyland St",40.67313,-73.91387
"5626.13","St Marks Pl & 1 Ave",40.727791,-73.985649
"5669.1","St Marks Pl & 2 Ave",40.728419,-73.98714
"5669.10","St Marks Pl & 2 Ave",40.728419,-73.98714
"4249.01","St Marks Pl & 4 Ave",40.68197,-73.98034
"7737.06","St Mary's St & Jackson Ave",40.808891,-73.91081
"7723.01","St Nicholas Ave & Manhattan Ave",40.809725,-73.953149
"7756.10","St Nicholas Ave & W 126 St",40.811432,-73.951878
"7756.1","St Nicholas Ave & W 126 St",40.811432,-73.951878
"7837.30","St Nicholas Ave & W 134 St",40.816234,-73.948222
"7837.3","St Nicholas Ave & W 134 St",40.816234,-73.948222
"7898.03","St Nicholas Ave & W 137 St",40.818477,-73.947568
"8013.07","St Nicholas Ave & W 150 St",40.827212,-73.942722
"8085.05","St Nicholas Ave & W 155 St",40.830663,-73.941323
"8085.09","St Nicholas Ave & W 157 St",40.832314,-73.94102
"7937.15","St Nicholas Terrace & Convent Ave",40.821294,-73.947868
"5170.01","Stagg St & Morgan Ave",40.710681,-73.93372
"5117.05","Stagg St & Union Ave",40.708771,-73.950953
"5146.03","Stanhope St & Fairview Ave",40.70998,-73.91116
"5523.02","Stanton St & Chrystie St",40.722293,-73.991475
"5326.06","Stanton St & Mangin St",40.717821,-73.976289
"5445.07","Stanton St & Norfolk St",40.720747,-73.986274
"4522.07","State St & Smith St",40.68917,-73.9886
"7220.01","Steinway St & 19 Ave",40.778089,-73.899558
"7137.04","Steinway St & 21 Ave",40.774798,-73.903787
"7009.02","Steinway St & 23 Ave",40.771394,-73.907744
"6915.02","Steinway St & 28 Ave",40.765625,-73.91367
"6711.13","Steinway St & Broadway",40.759058,-73.918975
"7074.01","Steinway St & Ditmars Blvd",40.772717,-73.906127
"4798.10","Stephen St & Seneca Ave",40.6988,-73.9007
"4798.1","Stephen St & Seneca Ave",40.6988,-73.9007
"4208.01","Sterling Pl & 5 Ave",40.67897,-73.978553
"3993.03","Sterling Pl & Bedford Ave",40.672695,-73.954131
"4033.18","Sterling Pl & Classon Ave",40.673941,-73.96026
"4033.16","Sterling Pl & Franklin Ave",40.673248,-73.956895
"3984.02","Sterling Pl & New York Ave",40.67234,-73.94763
"3958.02","Sterling Pl & Ralph Ave",40.67095,-73.92222
"3925.03","Sterling Pl & Rochester Ave",40.67128,-73.92825
"3934.06","Sterling Pl & Schenectady Ave",40.6716,-73.93378
"3665.06","Sterling St & Bedford Ave",40.662706,-73.956912
"3657.06","Sterling St & Nostrand Ave",40.66318,-73.95076
"5123.07","Stewart Ave & Johnson Ave",40.70869,-73.92587
"4824.03","Stockholm St & Wilson Ave",40.699304,-73.923044
"3113.1","Stratford Rd & Beverley Rd",40.64378,-73.96867
"3113.10","Stratford Rd & Beverley Rd",40.64378,-73.96867
"8707.04","Strong St & University Ave",40.87119,-73.89918
"4458.06","Stuyvesant Ave & Gates Ave",40.68834,-73.93306
"4689.08","Stuyvesant Ave & Hart St",40.69465,-73.9343
"5854.1","Stuyvesant Walk & 1 Ave Loop",40.73234,-73.978984
"5854.10","Stuyvesant Walk & 1 Ave Loop",40.73234,-73.978984
"5445.02","Suffolk St & Stanton St",40.720664,-73.98518
"5721.01","Sullivan St & Washington Sq",40.730477,-73.999061
"4727.06","Summerfield St & Cypress Ave",40.69662,-73.90056
"4187.04","Sumpter St & Fulton St",40.67923,-73.92588
"7571.01","Sunken Meadow Comfort Station",40.79558,-73.91906
"4689.03","Suydam St & Broadway",40.69544,-73.93223
"4939.07","Suydam St & Knickerbocker Ave",40.702013,-73.923769
"5043.06","Suydam St & St Nicholas Ave",40.70636,-73.91945
"4982.02","Taylor St & Bedford Ave",40.705774,-73.963252
"4138.04","Thomas S. Boyland St & Fulton St",40.67854,-73.91367
"4325.03","Thomas S. Boyland St & Macon St",40.68491,-73.91493
"4253.02","Thomas S. Boyland St & Marion St",40.681466,-73.914157
"5721.07","Thompson St & Bleecker St",40.728401,-73.999688
"4697.01","Throop Ave & Myrtle Ave",40.696229,-73.943711
"8866.01","Tibbett Ave & W 234 St",40.88324,-73.90587
"8510.02","Tiebout Ave & E 184 St",40.858498,-73.89637
"8546.06","Tiebout Ave & E Fordham Rd",40.861915,-73.894831
"3214.04","Tilden Ave & Lott St",40.64661,-73.95401
"3172.01","Tilden Ave & Nostrand Ave",40.64683,-73.94933
"7991.01","Tinton Ave & E 165 St",40.824796,-73.90242
"4850.04","Tompkins Ave & Hopkins St",40.699576,-73.947084
"8323.05","Townsend Ave & E 175 St",40.84741,-73.911359
"3382.04","Troy Ave & Linden Blvd",40.6533,-73.93644
"3934.07","Troy Ave & Park Pl",40.67251,-73.93642
"3157.08","Turner Pl & Coney Island Ave",40.64521,-73.97073
"5881.01","Tyler Ave & Maurice Ave",40.73394,-73.90128
"4042.08","Underhill Ave & Lincoln Pl",40.674012,-73.967146
"4231.04","Underhill Ave & Pacific St",40.680484,-73.96468
"8064.03","Union Ave & E 169 St",40.82995,-73.898802
"5300.06","Union Ave & Jackson St",40.716075,-73.952029
"5411.07","Union Ave & N 12 St",40.71924,-73.95242
"4818.03","Union Ave & Wallabout St",40.700295,-73.950323
"4175.15","Union St & 4 Ave",40.677274,-73.98282
"3879.04","Union St & Bedford Ave",40.669178,-73.955416
"8366.07","University Ave & Brandt Pl",40.848354,-73.918389
"8344.09","University Ave & Macombs Rd",40.84964,-73.916121
"8384.04","University Ave & Morton Pl",40.851182,-73.914651
"8183.02","University Ave & W 168 St",40.838706,-73.927034
"8462.09","University Ave & W Burnside Ave",40.85501,-73.910751
"5905.14","University Pl & E 14 St",40.734814,-73.992085
"5755.14","University Pl & E 8 St",40.731437,-73.994903
"8435.04","Valentine Ave & E 181 St",40.854124,-73.899322
"8472.06","Valentine Ave & E 183 St",40.856987,-73.898237
"8667.02","Valentine Ave & E 198 St",40.86941,-73.88994
"4095.10","Van Brunt St & Van Dyke St",40.675833,-74.014726
"4095.1","Van Brunt St & Van Dyke St",40.675833,-74.014726
"4095.03","Van Brunt St & Wolcott St",40.677343,-74.012751
"4568.01","Van Buren St & Broadway",40.692,-73.92617
"6096.01","Van Cleef St & 108 St",40.74096,-73.85357
"8859.03","Van Cortlandt Park S & Dickinson Ave",40.88435,-73.88781
"8876.04","Van Cortlandt Park S & Gouverneur Ave",40.88492,-73.89084
"5883.06","Van Dam St & Greenpoint Ave",40.734436,-73.937908
"5572.07","Van Dam St & Meeker Ave",40.72532,-73.9368
"4087.01","Van Sinderen Ave & Atlantic Ave",40.67621,-73.90351
"4161.01","Van Sinderen Ave & Truxton St",40.6786,-73.90369
"5539.08","Varick St & Watts St",40.723636,-74.00602
"6937.07","Vernon Blvd & 10 St",40.767186,-73.937355
"7003.06","Vernon Blvd & 31 Ave",40.769247,-73.93545
"6514.08","Vernon Blvd & 41 Rd",40.755243,-73.948568
"6212.08","Vernon Blvd & 47 Rd",40.744907,-73.953457
"6170.02","Vernon Blvd & 50 Ave",40.742327,-73.954117
"4214.04","Verona Pl & Fulton St",40.680356,-73.947679
"8790.08","Verveelen Pl & Broadway",40.87826,-73.90508
"5297.02","Vesey Pl & River Terrace",40.715338,-74.016584
"5216.06","Vesey St & Church St",40.71222,-74.010472
"5216.07","Vesey St & Greenwich St",40.712547,-74.011131
"5256.06","Vesey St & West St",40.714063,-74.014432
"8306.03","Vyse Ave & E 181 St",40.84463,-73.87988
"5847.06","W 10 St & Washington St",40.733424,-74.008515
"7580.01","W 100 St & Broadway",40.797372,-73.970412
"7538.14","W 100 St & Manhattan Ave",40.795,-73.9645
"7610.13","W 104 St & Amsterdam Ave",40.799041,-73.966495
"7634.01","W 106 St & Amsterdam Ave",40.800836,-73.966449
"7606.01","W 106 St & Central Park W",40.798186,-73.960591
"7619.05","W 107 St & Columbus Ave",40.799757,-73.962113
"5914.03","W 11 St & 6 Ave",40.735324,-73.998004
"7646.04","W 110 St & Amsterdam Ave",40.802692,-73.96295
"7587.16","W 111 St & 5 Ave",40.797521,-73.94894
"7713.01","W 113 St & Broadway",40.805973,-73.964928
"7692.11","W 116 St & Amsterdam Ave",40.806758,-73.960708
"7713.11","W 116 St & Broadway",40.8082,-73.9641
"5997.1","W 12 St & Hudson St",40.73753,-74.005589
"5997.10","W 12 St & Hudson St",40.73753,-74.005589
"7745.07","W 120 St & Claremont Ave",40.810949,-73.9634
"7818.17","W 129 St & Convent Ave",40.814394,-73.953247
"5947.04","W 13 St & 5 Ave",40.735445,-73.99431
"6030.04","W 13 St & 7 Ave",40.737815,-73.999947
"7925.04","W 133 St & 12 Ave",40.820003,-73.959089
"7832.04","W 135 St & Lenox Terrace Pl",40.813619,-73.939336
"7981.27","W 140 St & Riverside Dr",40.824013,-73.954743
"7932.10","W 144 St & Adam Clayton Powell Blvd",40.820877,-73.939249
"7932.1","W 144 St & Adam Clayton Powell Blvd",40.820877,-73.939249
"7997.08","W 145 St & Amsterdam Ave",40.825244,-73.947257
"8018.09","W 146 St & Broadway",40.826969,-73.949738
"7971.07","W 147 St & Adam Clayton Powell Blvd",40.82281,-73.937413
"8033.09","W 148 St & Amsterdam Ave",40.827075,-73.945909
"6115.09","W 15 St & 10 Ave",40.742754,-74.007474
"5989.02","W 15 St & 6 Ave",40.738046,-73.99643
"6030.06","W 15 St & 7 Ave",40.739355,-73.999318
"8065.13","W 155 St & Frederick Douglass Blvd",40.82923,-73.936996
"8119.05","W 159 St & Edgecombe Ave",40.833303,-73.939326
"6233.05","W 16 St & The High Line",40.743349,-74.006818
"8176.01","W 160 St & Riverside Dr",40.83719,-73.9466
"8138.07","W 160 St & St Nicholas Ave",40.834468,-73.939865
"8153.10","W 163 St & Edgecombe Ave",40.835798,-73.937496
"8153.1","W 163 St & Edgecombe Ave",40.835798,-73.937496
"8210.01","W 163 St & Riverside Dr",40.839278,-73.945446
"8226.05","W 165 St & Fort Washington Ave",40.84004,-73.942939
"8226.07","W 168 St & Fort Washington Ave",40.842102,-73.94224
"8226.07","W 168 St & Ft Washington Ave",40.842102,-73.94224
"6107.08","W 17 St & 7 Ave",40.740564,-73.998526
"6148.02","W 17 St & 8 Ave",40.741776,-74.001497
"8254.01","W 170 St & University Ave",40.84207,-73.926075
"8262.07","W 171 St & St Nicholas Ave",40.842941,-73.938631
"8366.06","W 176 St & Montgomery Ave",40.849629,-73.919205
"6064.08","W 18 St & 6 Ave",40.739713,-73.994564
"6190.03","W 18 St & 9 Ave",40.743534,-74.003676
"8358.03","W 180 St & Fort Washington Ave",40.849972,-73.938423
"8358.03","W 180 St & Ft Washington Ave",40.849972,-73.938423
"8381.04","W 181 St & Riverside Dr",40.85168,-73.94186
"8416.10","W 186 St & St Nicholas Ave",40.852253,-73.931308
"8416.1","W 186 St & St Nicholas Ave",40.852253,-73.931308
"8474.02","W 190 St & Broadway",40.856487,-73.93297
"8453.14","W 190 St & St Nicholas Ave",40.854788,-73.929513
"8639.01","W 192 St & University Ave",40.866899,-73.901942
"6306.01","W 20 St & 10 Ave",40.745686,-74.005141
"6306.07","W 20 St & 11 Ave",40.746745,-74.007756
"6098.02","W 20 St & 5 Ave",40.73973,-73.99104
"6182.02","W 20 St & 7 Ave",40.742388,-73.997262
"6224.05","W 20 St & 8 Ave",40.743453,-74.00004
"8579.03","W 204 St & Nagle Ave",40.863211,-73.920827
"8632.07","W 204 St & Vermilyea Ave",40.866141,-73.922648
"6140.05","W 21 St & 6 Ave",40.74174,-73.994156
"8647.1","W 211 St & 10 Ave",40.867094,-73.917295
"8647.10","W 211 St & 10 Ave",40.867094,-73.917295
"8715.06","W 218 St & Broadway",40.87139,-73.914318
"8732.04","W 218 St & Indian Rd",40.873055,-73.918372
"6306.06","W 22 St & 10 Ave",40.74692,-74.004519
"6224.03","W 22 St & 8 Ave",40.744751,-73.999154
"8711.02","W 225 St & Exterior St",40.873265,-73.906646
"8806.01","W 230 St & Marble Hill Ave",40.87807,-73.90796
"8802.05","W 233 St & Albany Crescent",40.87979,-73.90164
"8897.05","W 238 St & Tibbett Ave",40.88602,-73.90232
"6257.03","W 24 St & 7 Ave",40.744876,-73.995299
"6215.04","W 25 St & 6 Ave",40.743954,-73.991449
"6297.08","W 25 St & 8 Ave",40.7465,-73.997326
"6339.06","W 25 St & 9 Ave",40.747833,-74.000572
"6382.05","W 26 St & 10 Ave",40.749718,-74.00295
"6215.07","W 27 St & 6 Ave",40.74526,-73.99062
"6257.06","W 27 St & 7 Ave",40.74665,-73.99392
"6416.06","W 29 St & 9 Ave",40.750073,-73.998393
"6459.07","W 30 St & 10 Ave",40.752694,-74.002353
"6373.07","W 30 St & 8 Ave",40.749651,-73.995174
"6331.01","W 31 St & 7 Ave",40.749156,-73.9916
"6492.04","W 33 St & 10 Ave",40.753773,-73.999376
"6578.01","W 34 St & 11 Ave",40.755942,-74.002116
"6535.04","W 34 St & Hudson Blvd E",40.755167,-74.000599
"6526.01","W 35 St & 8 Ave",40.752762,-73.992805
"6569.09_","W 35 St & 9 Ave",40.754256,-73.996451
"6569.09","W 35 St & 9 Ave",40.754145,-73.996089
"6569.08","W 35 St & Dyer Ave",40.754692,-73.997402
"6483.06","W 36 St & 7 Ave",40.752149,-73.989539
"6569.07","W 36 St & 9 Ave",40.754623,-73.995168
"6611.02","W 37 St & 10 Ave",40.756604,-73.997901
"6398.06","W 37 St & 5 Ave",40.75038,-73.98339
"6441.06","W 37 St & Broadway",40.752271,-73.987706
"6644.04","W 39 St & 9 Ave",40.756458,-73.993722
"5880.02","W 4 St & 7 Ave S",40.734011,-74.002939
"6560.14","W 40 St & 7 Ave",40.754818,-73.988154
"6602.03","W 41 St & 8 Ave",40.756405,-73.990026
"6517.08","W 42 St & 6 Ave",40.75492,-73.98455
"6517.08_","W 42 St & 6 Ave",40.75497,-73.984681
"6602.05","W 42 St & 8 Ave",40.75757,-73.990985
"6644.07","W 42 St & Dyer Ave",40.758985,-73.9938
"6756.01","W 43 St & 10 Ave",40.760094,-73.994618
"6593.14","W 43 St & 6 Ave",40.755273,-73.983169
"6756.05","W 44 St & 11 Ave",40.762009,-73.996975
"6551.02","W 44 St & 5 Ave",40.755003,-73.980144
"6676.02","W 45 St & 8 Ave",40.759291,-73.988597
"6795.01","W 46 St & 11 Ave",40.763414,-73.996674
"6824.07","W 47 St & 10 Ave",40.762699,-73.993012
"6667.04","W 47 St & 6 Ave",40.758397,-73.98255
"6667.12","W 47 St & 6 Ave",40.758154,-73.981957
"6786.02","W 47 St & 9 Ave",40.76153,-73.99007
"6626.11","W 48 St &  Rockefeller Plaza",40.757769,-73.979294
"6747.06","W 49 St & 8 Ave",40.762272,-73.987882
"6890.06","W 50 St & 10 Ave",40.764734,-73.991944
"6854.05","W 50 St & 9 Ave",40.763605,-73.98918
"6740.10","W 51 St & 6 Ave",40.76066,-73.98042
"6740.1","W 51 St & 6 Ave",40.76066,-73.98042
"6779.07","W 51 St & 7 Ave",40.76167,-73.98256
"6700.14","W 51 St & Rockefeller Plaza",40.759738,-73.978116
"6926.01","W 52 St & 11 Ave",40.767272,-73.993929
"6700.01","W 52 St & 5 Ave",40.759923,-73.976485
"6740.01","W 52 St & 6 Ave",40.76133,-73.97982
"6890.01","W 53 St & 10 Ave",40.766697,-73.990617
"6955.05","W 54 St & 11 Ave",40.768333,-73.992573
"6771.13","W 54 St & 6 Ave",40.761865,-73.977242
"6920.05","W 54 St & 9 Ave",40.76604,-73.98737
"6809.09","W 55 St & 6 Ave",40.763189,-73.978434
"6955.01","W 56 St & 10 Ave",40.768254,-73.988639
"6809.07","W 56 St & 6 Ave",40.763406,-73.977225
"6884.03","W 56 St & 8 Ave",40.765959,-73.983135
"7023.04","W 59 St & 10 Ave",40.770513,-73.988038
"7052.01","W 63 St & Broadway",40.771639,-73.982614
"7123.04","W 64 St & Thelonious Monk Circle",40.77516,-73.989187
"7116.04","W 67 St & Broadway",40.774925,-73.982666
"7207.08","W 70 St & Amsterdam Ave",40.77748,-73.982886
"7230.10","W 74 St & Columbus Ave",40.778567,-73.97755
"7230.1","W 74 St & Columbus Ave",40.778567,-73.97755
"7281.09","W 76 St & Columbus Ave",40.780184,-73.977285
"7311.07","W 78 St & Broadway",40.7834,-73.980931
"7304.08","W 82 St & Central Park W",40.78275,-73.97137
"7409.04","W 84 St & Amsterdam Ave",40.78621,-73.9756
"7382.04","W 84 St & Columbus Ave",40.785,-73.972834
"7458.03","W 87 St & Amsterdam Ave",40.78839,-73.9747
"7484.05","W 87 St & West End Ave",40.789622,-73.97757
"7432.09","W 89 St & Columbus Ave",40.788221,-73.970416
"7458.09","W 90 St & Amsterdam Ave",40.79018,-73.97289
"7502.01","W 92 St & Broadway",40.7921,-73.9739
"7453.08","W 94 St & Central Park W",40.790431,-73.965894
"7541.01","W 95 St & Broadway",40.79377,-73.971888
"5569.06","W Broadway & Spring St",40.724947,-74.001659
"5644.05","W Broadway & W Houston St",40.726378,-74.000472
"5569.07","W Broadway & Watts St",40.72323,-74.00314
"8590.01","W Fordham Rd & Loring Pl N",40.86295,-73.90741
"8841.03","W Mosholu Pkwy S & Sedgwick Ave",40.88226,-73.88702
"8384.03","W Tremont Ave & Grand Ave",40.850036,-73.912785
"8428.04","W Tremont Ave & Matthewson Rd",40.853827,-73.920765
"8407.03","W Tremont Ave & Montgomery Ave",40.851788,-73.916418
"8299.03","Wadsworth Ave & W 175 St",40.846052,-73.937648
"8336.02","Wadsworth Ave & W 179 St",40.848467,-73.936064
"2932.03","Wakeman Pl & Ridge Blvd",40.639421,-74.026823
"6020.02","Waldron St & 108 St",40.73916,-73.8526
"7751.05","Wales Ave & E 147 St",40.811314,-73.907729
"5351.07","Walker St & Baxter St",40.717411,-73.999573
"4826.04","Wallabout St & Kent Ave",40.699105,-73.960633
"7639.06","Walnut Ave & E 136 St",40.801657,-73.909513
"7945.03","Walton Ave & E 151 St",40.820909,-73.927538
"7945.07","Walton Ave & E 153 St",40.822351,-73.926907
"8179.03","Walton Ave & E 168 St",40.83649,-73.918316
"8249.10","Walton Ave & E 171 St",40.840683,-73.915073
"8249.1","Walton Ave & E 171 St",40.840683,-73.915073
"8362.02","Walton Ave & E 176 St",40.84833,-73.90971
"8514.05","Walton Ave & E 183 St",40.858472,-73.90266
"7327.01","Wards Meadow Comfort Station",40.78294,-73.93077
"4413.08","Warren St & Court St",40.686371,-73.993833
"6346.07","Warren St & Roosevelt Ave",40.74919,-73.87054
"4371.01","Warren St & Smith St",40.685424,-73.991278
"5288.09","Warren St & W Broadway",40.71474,-74.009106
"7995.04","Washington Ave & E 163 St",40.824,-73.91089
"8068.01","Washington Ave & E 167 St",40.829896,-73.907618
"8277.03","Washington Ave & E 174 St",40.843079,-73.900216
"3704.01","Washington Ave & Empire Blvd",40.66314,-73.960569
"4419.03","Washington Ave & Greene Ave",40.686501,-73.965633
"4724.03","Washington Ave & Park Ave",40.696102,-73.96751
"4116.09","Washington Ave & Park Pl",40.675832,-73.963308
"4546.05","Washington Park",40.691782,-73.97373
"5838.09","Washington Pl & 6 Ave",40.732241,-74.000264
"5755.01","Washington Pl & Broadway",40.729039,-73.994046
"5755.15","Washington Pl & Greene St",40.729806,-73.995464
"5847.08","Washington St & Barrow St",40.731911,-74.008769
"6039.06","Washington St & Gansevoort St",40.739323,-74.008119
"5509.02","Washington St & Laight St",40.72231,-74.0106
"5847.09","Washington St & W 10 St",40.7333,-74.00858
"5024.1","Water St & Fletcher St",40.706411,-74.005597
"5024.10","Water St & Fletcher St",40.706411,-74.005597
"4993.15","Water St & Gouverneur Ln",40.704697,-74.008034
"5099.02","Waterbury St & Stagg St",40.71019,-73.93734
"8216.02","Waterloo Pl & Crotona Park East",40.839194,-73.888587
"5578.02","Watts St & Greenwich St",40.724055,-74.00966
"4461.07","Waverly Ave & Lafayette Ave",40.688231,-73.966804
"8624.01","Webb Ave & W 190 St",40.866005,-73.904255
"8052.01","Webster Ave & E 166 St",40.828975,-73.911259
"8472.08","Webster Ave & Ford St",40.85556,-73.89615
"3651.04","West Drive & Prospect Park West",40.661063,-73.979453
"7650.05","West End Ave & W 107 St",40.802117,-73.968181
"7059.08","West End Ave & W 60 St",40.77237,-73.99005
"7524.09","West End Ave & W 94 St",40.794165,-73.974124
"8076.08","West Farms Rd & Boone Ave",40.830128,-73.886302
"5329.03","West St & Chambers St",40.717548,-74.013221
"5184.08","West St & Liberty St",40.711444,-74.014847
"5114.06","West Thames St",40.708347,-74.017134
"7891.06","Westchester Ave & E 156 St",40.817802,-73.905203
"7853.01","Westchester Ave & Jackson Ave",40.816124,-73.908116
"7909.07","Westchester Ave & Longwood Ave",40.819701,-73.901311
"8004.03","Westchester Ave & Southern Blvd",40.824956,-73.891677
"5099.03","White St & Johnson Ave",40.707174,-73.93581
"4987.06","White St & Moore St",40.704508,-73.9351
"6165.06","Whitney Ave & Ketcham Pl",40.74249,-73.87809
"8167.02","Wilkins Ave & Crotona Park E",40.835302,-73.895133
"5065.12","William St & Pine St",40.707179,-74.008873
"7691.05","Willis Ave & Bruckner Blvd",40.805701,-73.925177
"7726.02","Willis Ave & E 137 St",40.808384,-73.923604
"7759.08","Willis Ave & E 141 St",40.81093,-73.921606
"7798.02","Willis Ave & E 143 St",40.812299,-73.92037
"4611.03","Willoughby Ave & Hall St",40.69196,-73.965369
"4759.02","Willoughby Ave & Myrtle Ave",40.69757,-73.93098
"5115.05","Willoughby Ave & Onderdonk Ave",40.7098,-73.91727
"4665.02","Willoughby Ave & Tompkins Ave",40.694254,-73.946269
"4634.02","Willoughby Ave & Walworth St",40.693317,-73.95382
"5010.02","Willoughby Ave & Wyckoff Ave",40.705614,-73.92153
"4587.02","Willoughby St & Ashland Pl",40.69178,-73.97877
"4628.05","Willoughby St & Fleet St",40.691966,-73.981302
"7626.02","Willow Ave & E 133 St",40.800933,-73.913863
"4507.07","Wilson Ave & Moffat St",40.68906,-73.90506
"4864.09","Wilson Ave & Troutman St",40.70166,-73.92754
"3620.02","Windsor Pl & 8 Ave",40.660906,-73.983074
"3579.04","Windsor Pl & Howard Pl",40.659491,-73.980139
"3535.03","Winthrop St & Albany Ave",40.6577,-73.9398
"3544.02","Winthrop St & Nostrand Ave",40.65707,-73.95005
"3512.03","Winthrop St & Rogers Ave",40.65686,-73.95331
"3526.04","Winthrop St & Schenectady Ave",40.6582,-73.9338
"5362.08","Withers St & Kingsland Ave",40.71773,-73.94051
"5845.02","Woodhaven Blvd & Hoffman Dr",40.73303,-73.871
"6276.02","Woodside Ave & 55 St",40.74679,-73.90893
"6234.04","Woodside Ave & 60 St",40.74521,-73.90462
"6183.03","Woodside Ave & 69 St",40.7428,-73.89584
"6234.03","Woodside Ave & Roosevelt Ave",40.74549,-73.90605
"5074.08","Woodward Ave & Harman St",40.70793,-73.91092
"4615.01","Wyckoff Ave & Cooper Ave",40.69338,-73.90061
"4847.03","Wyckoff Ave & Gates Ave",40.699871,-73.911719
"5051.01","Wyckoff Ave & Jefferson St",40.707165,-73.923711
"4931.05","Wyckoff Ave & Stanhope St",40.703545,-73.917775
"4290.06","Wyckoff St & 3 Ave",40.682755,-73.982586
"5348.02","Wythe Ave & Metropolitan Ave",40.716887,-73.963198
"5558.04","Wythe Ave & N 13 St",40.722767,-73.957021
"4440.02","Yankee Ferry Terminal",40.687066,-74.016756
